/*
Navicat MySQL Data Transfer

Source Server         : localhost_3306
Source Server Version : 50562
Source Host           : localhost:3306
Source Database       : atcrowdfunding

Target Server Type    : MYSQL
Target Server Version : 50562
File Encoding         : 65001

Date: 2020-01-02 14:55:19
*/

SET FOREIGN_KEY_CHECKS=0;

-- ----------------------------
-- Table structure for act_ge_bytearray
-- ----------------------------
DROP TABLE IF EXISTS `act_ge_bytearray`;
CREATE TABLE `act_ge_bytearray` (
  `ID_` varchar(64) COLLATE utf8_bin NOT NULL DEFAULT '',
  `REV_` int(11) DEFAULT NULL,
  `NAME_` varchar(255) COLLATE utf8_bin DEFAULT NULL,
  `DEPLOYMENT_ID_` varchar(64) COLLATE utf8_bin DEFAULT NULL,
  `BYTES_` longblob,
  `GENERATED_` tinyint(4) DEFAULT NULL,
  PRIMARY KEY (`ID_`),
  KEY `ACT_FK_BYTEARR_DEPL` (`DEPLOYMENT_ID_`),
  CONSTRAINT `ACT_FK_BYTEARR_DEPL` FOREIGN KEY (`DEPLOYMENT_ID_`) REFERENCES `act_re_deployment` (`ID_`)
) ENGINE=InnoDB DEFAULT CHARSET=utf8 COLLATE=utf8_bin;

-- ----------------------------
-- Records of act_ge_bytearray
-- ----------------------------
INSERT INTO `act_ge_bytearray` VALUES ('10', '1', 'hist.var-refuseListener', null, 0xACED000573720033636F6D2E78772E617463726F776466756E64696E672E706F74616C2E6C697374656E65722E5265667573654C697374656E657213784E84AA62713D0200007870, null);
INSERT INTO `act_ge_bytearray` VALUES ('14', '1', 'hist.var-authcode', null, 0xACED0005737200176A6176612E6C616E672E537472696E674275696C6465723CD5FB145A4C6ACB0300007870770400000004757200025B43B02666B0E25D84AC020000787000000010003100310030003800000000000000000000000000000000000000000000000078, null);
INSERT INTO `act_ge_bytearray` VALUES ('17', '1', 'hist.var-passListener', null, 0xACED000573720031636F6D2E78772E617463726F776466756E64696E672E706F74616C2E6C697374656E65722E506173734C697374656E6572C6E988E308CBA5FD0200007870, null);
INSERT INTO `act_ge_bytearray` VALUES ('2', '1', 'auth.bpmn', '1', 0x3C3F786D6C2076657273696F6E3D22312E302220656E636F64696E673D225554462D38223F3E0A3C646566696E6974696F6E7320786D6C6E733D22687474703A2F2F7777772E6F6D672E6F72672F737065632F42504D4E2F32303130303532342F4D4F44454C2220786D6C6E733A7873693D22687474703A2F2F7777772E77332E6F72672F323030312F584D4C536368656D612D696E7374616E63652220786D6C6E733A61637469766974693D22687474703A2F2F61637469766974692E6F72672F62706D6E2220786D6C6E733A62706D6E64693D22687474703A2F2F7777772E6F6D672E6F72672F737065632F42504D4E2F32303130303532342F44492220786D6C6E733A6F6D6764633D22687474703A2F2F7777772E6F6D672E6F72672F737065632F44442F32303130303532342F44432220786D6C6E733A6F6D6764693D22687474703A2F2F7777772E6F6D672E6F72672F737065632F44442F32303130303532342F44492220747970654C616E67756167653D22687474703A2F2F7777772E77332E6F72672F323030312F584D4C536368656D61222065787072657373696F6E4C616E67756167653D22687474703A2F2F7777772E77332E6F72672F313939392F585061746822207461726765744E616D6573706163653D22687474703A2F2F7777772E61637469766974692E6F72672F74657374223E0A20203C70726F636573732069643D226175746822206E616D653D22E5AE9EE5908DE8AEA4E8AF81E5AEA1E6A0B8E6B581E7A88B2220697345786563757461626C653D2274727565223E0A202020203C73746172744576656E742069643D2273746172746576656E743122206E616D653D225374617274223E3C2F73746172744576656E743E0A202020203C736572766963655461736B2069643D226D61696C7461736B3122206E616D653D22E58F91E98081E9AA8CE8AF81E7A081222061637469766974693A747970653D226D61696C223E0A2020202020203C657874656E73696F6E456C656D656E74733E0A20202020202020203C61637469766974693A6669656C64206E616D653D22746F223E0A202020202020202020203C61637469766974693A65787072657373696F6E3E247B746F456D61696C7D3C2F61637469766974693A65787072657373696F6E3E0A20202020202020203C2F61637469766974693A6669656C643E0A20202020202020203C61637469766974693A6669656C64206E616D653D2266726F6D223E0A202020202020202020203C61637469766974693A737472696E673E3C215B43444154415B61646D696E4078772E636F6D5D5D3E3C2F61637469766974693A737472696E673E0A20202020202020203C2F61637469766974693A6669656C643E0A20202020202020203C61637469766974693A6669656C64206E616D653D227375626A656374223E0A202020202020202020203C61637469766974693A737472696E673E3C215B43444154415BE5AE9EE5908DE8AEA4E8AF81E9AA8CE8AF81E7A0815D5D3E3C2F61637469766974693A737472696E673E0A20202020202020203C2F61637469766974693A6669656C643E0A20202020202020203C61637469766974693A6669656C64206E616D653D2263686172736574223E0A202020202020202020203C61637469766974693A737472696E673E3C215B43444154415B5554462D385D5D3E3C2F61637469766974693A737472696E673E0A20202020202020203C2F61637469766974693A6669656C643E0A20202020202020203C61637469766974693A6669656C64206E616D653D2268746D6C223E0A202020202020202020203C61637469766974693A65787072657373696F6E3EE5AE9EE5908DE8AEA4E8AF81E9AA8CE8AF81E7A0813A247B61757468636F64657D3C2F61637469766974693A65787072657373696F6E3E0A20202020202020203C2F61637469766974693A6669656C643E0A2020202020203C2F657874656E73696F6E456C656D656E74733E0A202020203C2F736572766963655461736B3E0A202020203C73657175656E6365466C6F772069643D22666C6F77322220736F757263655265663D2273746172746576656E743122207461726765745265663D226D61696C7461736B31223E3C2F73657175656E6365466C6F773E0A202020203C757365725461736B2069643D22757365727461736B3222206E616D653D22E5AEA1E6A0B8E9AA8CE8AF81E7A081222061637469766974693A61737369676E65653D22247B6C6F67696E616363747D223E3C2F757365725461736B3E0A202020203C757365725461736B2069643D22757365727461736B3322206E616D653D22E5908EE58FB0E8AEA4E8AF81E5AEA1E6A0B8222061637469766974693A63616E64696461746547726F7570733D226261636B75736572223E3C2F757365725461736B3E0A202020203C6578636C7573697665476174657761792069643D226578636C7573697665676174657761793122206E616D653D224578636C75736976652047617465776179223E3C2F6578636C7573697665476174657761793E0A202020203C656E644576656E742069643D22656E646576656E743122206E616D653D22456E64223E3C2F656E644576656E743E0A202020203C656E644576656E742069643D22656E646576656E743222206E616D653D22456E64223E3C2F656E644576656E743E0A202020203C73657175656E6365466C6F772069643D22666C6F77332220736F757263655265663D226D61696C7461736B3122207461726765745265663D22757365727461736B32223E3C2F73657175656E6365466C6F773E0A202020203C73657175656E6365466C6F772069643D22666C6F77342220736F757263655265663D22757365727461736B3222207461726765745265663D22757365727461736B33223E3C2F73657175656E6365466C6F773E0A202020203C73657175656E6365466C6F772069643D22666C6F77352220736F757263655265663D22757365727461736B3322207461726765745265663D226578636C75736976656761746577617931223E3C2F73657175656E6365466C6F773E0A202020203C73657175656E6365466C6F772069643D22666C6F773622206E616D653D22E9809AE8BF872220736F757263655265663D226578636C7573697665676174657761793122207461726765745265663D22656E646576656E7431223E0A2020202020203C657874656E73696F6E456C656D656E74733E0A20202020202020203C61637469766974693A657865637574696F6E4C697374656E6572206576656E743D22656E64222064656C656761746545787072657373696F6E3D22247B706173734C697374656E65727D223E3C2F61637469766974693A657865637574696F6E4C697374656E65723E0A2020202020203C2F657874656E73696F6E456C656D656E74733E0A2020202020203C636F6E646974696F6E45787072657373696F6E207873693A747970653D2274466F726D616C45787072657373696F6E223E3C215B43444154415B247B666C61673D3D747275657D5D5D3E3C2F636F6E646974696F6E45787072657373696F6E3E0A202020203C2F73657175656E6365466C6F773E0A202020203C73657175656E6365466C6F772069643D22666C6F773722206E616D653D22E68B92E7BB9D2220736F757263655265663D226578636C7573697665676174657761793122207461726765745265663D22656E646576656E7432223E0A2020202020203C657874656E73696F6E456C656D656E74733E0A20202020202020203C61637469766974693A657865637574696F6E4C697374656E6572206576656E743D22656E64222064656C656761746545787072657373696F6E3D22247B7265667573654C697374656E65727D223E3C2F61637469766974693A657865637574696F6E4C697374656E65723E0A2020202020203C2F657874656E73696F6E456C656D656E74733E0A2020202020203C636F6E646974696F6E45787072657373696F6E207873693A747970653D2274466F726D616C45787072657373696F6E223E3C215B43444154415B247B666C61673D3D66616C73657D5D5D3E3C2F636F6E646974696F6E45787072657373696F6E3E0A202020203C2F73657175656E6365466C6F773E0A20203C2F70726F636573733E0A20203C62706D6E64693A42504D4E4469616772616D2069643D2242504D4E4469616772616D5F61757468223E0A202020203C62706D6E64693A42504D4E506C616E652062706D6E456C656D656E743D2261757468222069643D2242504D4E506C616E655F61757468223E0A2020202020203C62706D6E64693A42504D4E53686170652062706D6E456C656D656E743D2273746172746576656E7431222069643D2242504D4E53686170655F73746172746576656E7431223E0A20202020202020203C6F6D6764633A426F756E6473206865696768743D2233352E30222077696474683D2233352E302220783D223233302E302220793D2231302E30223E3C2F6F6D6764633A426F756E64733E0A2020202020203C2F62706D6E64693A42504D4E53686170653E0A2020202020203C62706D6E64693A42504D4E53686170652062706D6E456C656D656E743D226D61696C7461736B31222069643D2242504D4E53686170655F6D61696C7461736B31223E0A20202020202020203C6F6D6764633A426F756E6473206865696768743D2235352E30222077696474683D223130352E302220783D223139352E302220793D2239302E30223E3C2F6F6D6764633A426F756E64733E0A2020202020203C2F62706D6E64693A42504D4E53686170653E0A2020202020203C62706D6E64693A42504D4E53686170652062706D6E456C656D656E743D22757365727461736B32222069643D2242504D4E53686170655F757365727461736B32223E0A20202020202020203C6F6D6764633A426F756E6473206865696768743D2235352E30222077696474683D223130352E302220783D223139352E302220793D223139302E30223E3C2F6F6D6764633A426F756E64733E0A2020202020203C2F62706D6E64693A42504D4E53686170653E0A2020202020203C62706D6E64693A42504D4E53686170652062706D6E456C656D656E743D22757365727461736B33222069643D2242504D4E53686170655F757365727461736B33223E0A20202020202020203C6F6D6764633A426F756E6473206865696768743D2235352E30222077696474683D223130352E302220783D223139352E302220793D223331302E30223E3C2F6F6D6764633A426F756E64733E0A2020202020203C2F62706D6E64693A42504D4E53686170653E0A2020202020203C62706D6E64693A42504D4E53686170652062706D6E456C656D656E743D226578636C75736976656761746577617931222069643D2242504D4E53686170655F6578636C75736976656761746577617931223E0A20202020202020203C6F6D6764633A426F756E6473206865696768743D2234302E30222077696474683D2234302E302220783D223339302E302220793D223331372E30223E3C2F6F6D6764633A426F756E64733E0A2020202020203C2F62706D6E64693A42504D4E53686170653E0A2020202020203C62706D6E64693A42504D4E53686170652062706D6E456C656D656E743D22656E646576656E7431222069643D2242504D4E53686170655F656E646576656E7431223E0A20202020202020203C6F6D6764633A426F756E6473206865696768743D2233352E30222077696474683D2233352E302220783D223536302E302220793D223234302E30223E3C2F6F6D6764633A426F756E64733E0A2020202020203C2F62706D6E64693A42504D4E53686170653E0A2020202020203C62706D6E64693A42504D4E53686170652062706D6E456C656D656E743D22656E646576656E7432222069643D2242504D4E53686170655F656E646576656E7432223E0A20202020202020203C6F6D6764633A426F756E6473206865696768743D2233352E30222077696474683D2233352E302220783D223536302E302220793D223339302E30223E3C2F6F6D6764633A426F756E64733E0A2020202020203C2F62706D6E64693A42504D4E53686170653E0A2020202020203C62706D6E64693A42504D4E456467652062706D6E456C656D656E743D22666C6F7732222069643D2242504D4E456467655F666C6F7732223E0A20202020202020203C6F6D6764693A776179706F696E7420783D223234372E302220793D2234352E30223E3C2F6F6D6764693A776179706F696E743E0A20202020202020203C6F6D6764693A776179706F696E7420783D223234372E302220793D2239302E30223E3C2F6F6D6764693A776179706F696E743E0A2020202020203C2F62706D6E64693A42504D4E456467653E0A2020202020203C62706D6E64693A42504D4E456467652062706D6E456C656D656E743D22666C6F7733222069643D2242504D4E456467655F666C6F7733223E0A20202020202020203C6F6D6764693A776179706F696E7420783D223234372E302220793D223134352E30223E3C2F6F6D6764693A776179706F696E743E0A20202020202020203C6F6D6764693A776179706F696E7420783D223234372E302220793D223139302E30223E3C2F6F6D6764693A776179706F696E743E0A2020202020203C2F62706D6E64693A42504D4E456467653E0A2020202020203C62706D6E64693A42504D4E456467652062706D6E456C656D656E743D22666C6F7734222069643D2242504D4E456467655F666C6F7734223E0A20202020202020203C6F6D6764693A776179706F696E7420783D223234372E302220793D223234352E30223E3C2F6F6D6764693A776179706F696E743E0A20202020202020203C6F6D6764693A776179706F696E7420783D223234372E302220793D223331302E30223E3C2F6F6D6764693A776179706F696E743E0A2020202020203C2F62706D6E64693A42504D4E456467653E0A2020202020203C62706D6E64693A42504D4E456467652062706D6E456C656D656E743D22666C6F7735222069643D2242504D4E456467655F666C6F7735223E0A20202020202020203C6F6D6764693A776179706F696E7420783D223330302E302220793D223333372E30223E3C2F6F6D6764693A776179706F696E743E0A20202020202020203C6F6D6764693A776179706F696E7420783D223339302E302220793D223333372E30223E3C2F6F6D6764693A776179706F696E743E0A2020202020203C2F62706D6E64693A42504D4E456467653E0A2020202020203C62706D6E64693A42504D4E456467652062706D6E456C656D656E743D22666C6F7736222069643D2242504D4E456467655F666C6F7736223E0A20202020202020203C6F6D6764693A776179706F696E7420783D223431302E302220793D223331372E30223E3C2F6F6D6764693A776179706F696E743E0A20202020202020203C6F6D6764693A776179706F696E7420783D223431302E302220793D223235372E30223E3C2F6F6D6764693A776179706F696E743E0A20202020202020203C6F6D6764693A776179706F696E7420783D223536302E302220793D223235372E30223E3C2F6F6D6764693A776179706F696E743E0A20202020202020203C62706D6E64693A42504D4E4C6162656C3E0A202020202020202020203C6F6D6764633A426F756E6473206865696768743D2231342E30222077696474683D223130302E302220783D223434302E302220793D223233332E30223E3C2F6F6D6764633A426F756E64733E0A20202020202020203C2F62706D6E64693A42504D4E4C6162656C3E0A2020202020203C2F62706D6E64693A42504D4E456467653E0A2020202020203C62706D6E64693A42504D4E456467652062706D6E456C656D656E743D22666C6F7737222069643D2242504D4E456467655F666C6F7737223E0A20202020202020203C6F6D6764693A776179706F696E7420783D223431302E302220793D223335372E30223E3C2F6F6D6764693A776179706F696E743E0A20202020202020203C6F6D6764693A776179706F696E7420783D223431302E302220793D223430372E30223E3C2F6F6D6764693A776179706F696E743E0A20202020202020203C6F6D6764693A776179706F696E7420783D223536302E302220793D223430372E30223E3C2F6F6D6764693A776179706F696E743E0A20202020202020203C62706D6E64693A42504D4E4C6162656C3E0A202020202020202020203C6F6D6764633A426F756E6473206865696768743D2231342E30222077696474683D223130302E302220783D223434302E302220793D223338392E30223E3C2F6F6D6764633A426F756E64733E0A20202020202020203C2F62706D6E64693A42504D4E4C6162656C3E0A2020202020203C2F62706D6E64693A42504D4E456467653E0A202020203C2F62706D6E64693A42504D4E506C616E653E0A20203C2F62706D6E64693A42504D4E4469616772616D3E0A3C2F646566696E6974696F6E733E, '0');
INSERT INTO `act_ge_bytearray` VALUES ('3', '1', 'auth.auth.png', '1', 0x89504E470D0A1A0A0000000D494844520000019F000001AE08060000004FC40B9C00002EC04944415478DAEDDD0F7414E5BDFFF129A020728F1CA594CBC9CFC68A3FF5D61EFF94862841416341091728687329A5FC2AD74B156EB982BD16B98A86221A355728221008224445D280214688120890847F420C344088FC4B25CA9F184358C31A9EDFF33C3BBBECBF10427693C9ECFB75CEF7ECECEEECEC6476763E79669E99350C00000000000000000000008008D745D64859F364E5C83A24CB294B98755CD626590B658D9515C52203005CAEDEB2D264396415CA7A4656BCAC68591DBCC6536113276B82AC4C73FC5C59C3FCC60300A0412A4CDE957542D6F4CB68C97492956806D62E598358A400808B1969864E8AACAE21989E6AFD1C375B505D58BC00007FD30CD7F19C84104FB79B193E65B27AB0980100FEC1131DC6F778C96C55F56271030046B640F0B84D31DF8B16100044B028B335D2929D02542B4BF58AA3271C0044A80F0C57E78296A67AC24D60F10340E4E96DB67ABAB6C27BDF62BE77373E0600882CAA07DAB4567C7F75C58497F818002072A8736ED495085AF35238BDCCD60FC77E002042A81E6E8516980F754DB8383E0E00880C6A97D7140BCC4792C1AE37008818EAEAD4F116980F350F797C1C0010195AEAA4D2C6A87938CEC701009141FD1E8F550EF40B3E0E00880C82790100D0F20100D89E558EF9A8F38C38E603001142FDCC757F0BCC87EAEDB6898F030022833ACF679205E6439DE793CCC701009121D16CFDD0020300B4187535E91AA375AE68ED166DCE43273E0E00881C59B2C6B6E2FBAB5D6E0BF9180020B2A85F2F2D315AA7CBB56A71A92B5A47F1310040E4D9256B742BBCAF6AF1CC61F1034064EA6FB8CEB3E9D1C2EF5966B87E53080010A1542BE45DA36576BFB97F402E9EC50E00914D858E3AF613EEF36DA2CD16CF2416390040515DAFD5EEB767C2D8E251C1C30FC701007CA89E6787C21010FD0DD7AE365A3C0080065B409986AB17DC6DCD9C96EA4EBDD06CF1708C0700D0A809866B379C0A8F3B9AF8DA6859D3CDD68EBA861CBDDA000097AC8B1922C764151AAE0E09C364DDE2375E0FB365A3AE58A0AED556638616279002009A25D60CA21CC3755C48FD189D30EBB85738F537B8561B0020CCF815520000E10300207C0000207C0000840F0000840F0080F0010080F00100103E0000C2070000C2070040F8000040F80000081F0000081F0000E1030000E10300207C0000840F0000840F0080F0010080F00100103E0000103E0000C2070040F8000040F80000081F0000081F0000E1030000E10300207C0000207C0000840F00C07EB2CCB0B9586D6731010042A9B72C6723E193C0620200845ACE4582A7505607161100201CAD9F86C267188B0700102EC18EFD6CA7D503000877EBC7FFD80FC77A0000619749AB0700D0D262BDC267108B0300D052DCC77E68F500005A8CBBE71B00A02D1142749A3B77EE943163C6EC8E89897174EAD4A9B12B08509759EDDBB73F7FE38D379EE8DBB76FB6BC1DC0DA0720222D5AB468FC8001036AA3A3A34552D28B222F6FBD7038CECA3C3A4F85A1D4B22D2C2C10C9C9AF889B6FBEB9AE67CF9EBBE5C7701B6B228088919ABA70558F1E3D444ACAEBC2E9AC931BC77AAA856BCE9CD9A26BD7AE673B77EE3C9435124044048F68C0D8B1633DBB89264E9C281AF63D15822A292916DDBA75FBD6E03C2500F6DED5B660BC6AF1789B3E7DBA58B972A51EEEDDBBB7F8E8A31C51B475ABF8D18F7EA41FFBF0C30F75189D3B77CEEB554E2A445552B25B5C75D55555EC8203604BAA73C18001F7D5A6A4BCAAE3E3CC99333E07C4F3F2F2F46D7E7EBE3872E4A8E8D0A183C8C9C9D18F7DF2C927FAF6D4A95366F89CA34258C9C9B34EC9E5BD9EB51480EDCC9DFBC694E8E81F0BA7B356C7474545850E9475EB72C5891327F4F0A38F3E2ABE96C3E79C4E3166CCEFF463478F1E13DF7E5BA3870F1E3C68864F1D15E2BAF6DA6B8F19AE936701C03EC68C19BD3B29E979B9A1FBCEB3F3EC85175E101D3B7614274FBA5A34A74E9DF6B484BEFAEA2B57CCD4D5E9FB1B366CF0DAEDF61D15E29A38F1497599A064D65400B61213D3DB9197B7566EE81C7A375A6A6AAA67575B6DED599196B6440F0F1932440C1B364C0FCF9AF5B2F8EEBBEFF4707676B698376F9E78FFFDF7F534A8D0D6C68DB95F1AFC122B00BB5127903A1CAA8553EB73AC273333539C3871520FABCE076E3366CCD08F9595958983E5E53EAF51D3A0425BEAB3315C57EB06005B51DD0C74A9E19A33673D41A3EE3FFCF0C3A2BEBEDEF3981A1E356A9419362EEE633FEEE950A12D83CB0501B067F8D4E8F26EC5ECDB57AA6F070F1E1C103EBFF9CD6FF4735555DF78C69F3A75AA673A54688BF00160D3F0F9D62C97F1E3C78B6DDBB68B6FAAAAF4864F754070FBCB5FFEE2E9E1B667CF5E1D4EC78F1F77B781A83014E103C0A6E153ADEBC891236294D9AAF9AAAA46C7C9C2458BF57DD5D960C488117A581DF7719D1354AB77CB5D77DD7562E7CE9D9EE950A12DC207804DC3E71B5D9F7FFEB9DED0A98BBC5456D58AC21DC5E2CC3921D66E28F4EC5E2B2F2F17E7CF0BB179F366F1D1471F899A1AD76EA10F3EF8C0331D2AB445F800B069F8549925F4B11B77D0C4C6C6EAE0516154557B4E7C73C6A1C719F040BCB8E38E3BC40D37DCA0C77BECB1C7CCDD6E5554188AF00160D3F0396D96EBF23A6AD79B3AD7A77BF7EEA2B4FCA8A83A5BE709A46FCE7C27767FBED7738D37759E8FBA1282CB692A0C45F800B069F89C324BF8F46A532D9F714F4C1271FD1FD4C373E6CC11FFE7FA68515A562E6EFABF378B93274FFA5DD5FA141586227C00D8347C4E9AE51B3E6BD6ACF1B4780A0B0B455595671790BE1A82EF15AD85D774A85016E103C0A6E17382B270113E006C1A3E5F53162EC207804DC3E72BCAC245F800B069F85452162EC207804DC3E73865E1227C00D8347CBE0C6BE5E7670A87E390C8CD7D5F6F48EBEB2B444ECE7251509015306E6969BE387A7487E7BE1ABFA8688D67F8C927FF9FE73935CD7BEF8D15D9D9EF88C183E3C51FFEF03B9FD78D1DFBEB66CD776565B19EB6BBD434D7AFFF4024260ED5E57E6CC58AF9615D7E840F009B86CF3FC256F5F5C7F4C6B3A4E45371D34D378898983B3CCFA9C71F7AE8FE80D7A8C7E7CD9BA587D5C65EDDAFA93960FE78DD3B3EE3AAE996956D11B1B1778951A386EBC74E9EDCA3C71D3A7460C0B4ABABF7E9E7D43805051FEAD7A872074C7AFA5CFDFCAE5DEBF4F84EE7119FF775DF57EFEB9ED7ACACB7C3BA0C091F00360D9F8AB0D59C3949E606DAF58BA80307DE2737E44B65ABE4517D9B9EFE57FD7869E906CF6B323353F56D59D966FDBA9FFDEC16919A9A2CEEB9A7B76CE9F4116BD72EF78CAB5E5B5C9C6BB64A56781EDBBB77BD6C3165E9C0F39F2735BEBAADAB3BE4331DF7FB7A577DFD51FD9CFF7BAAF9720FE7E6BE1BD66548F800B069F81C0B5B95976FF10CABF7CAC858D0E0B865659B6420BD6D5EC0748B6C651CF279EDEAD58B035EA31EDFBF7FA3E7F6D65B7B8971E3FECDF3FC8B2F4E11575FDD59B6543E111515DB3DD33F7D7A4FC0EB5DE1E33BFD9C9C77C435D7FC936C45FD524FC3FD9AACACB480E17015E103C0A6E17334ECE5747EA137A26AB7DBD8B18FC8105822E2E3E3CCA0B8304E7DFD61B335B356F4EF7FB71E2F3373A17E6CD9B237F486DEB5DB2BD733EEFCF9B3F4ED860D2BC4B66D592231F15FF5EBD4B85151FF2C9E7B6E921ED75D1702E3A8D9EACAD3B74B97FEAFB8F3CE9F8AB8B85F78E6C9FDF888110FEBF92E2FDF1C302F6A97DFC993C5615B76840F009B86CF91B05746C67CB9114F11B9B9CB3D8FA9F79E3CF9DF03C67505C27A1946E5FA7E4ECEDB223D7D76D0E956546CF579DDA85143456DED3EE1701CF03C5F53F3F780E967652DF6792F57CB6781CF7865651BCDDD6ACB65F83CA4C347CD5365E5CE80E9AD5E9D1AB66547F800B069F81C0E7BB936F29FCA16CDC762F3E695B295E2EEF9F645D0715D4170E1FE9225AF898E1DAFD4D3F01EB7BA7A8F0CB6B7C4DAB5AE9E67BFFFFDA3223F7F851E7638F69BC799EE0D3A2F95953BF4F0E1C35B02DE53554DCD5E71FBEDB7CAF059A69FBBFFFE7BC4934F8E91213452B6ACD2F4732A185DBB09F3C3BAEC584D01D8307C0E85B5AEBFBEA7183E7CA0E7FE8B2F3EA537A89595DB838EEF0A82F99EE1E79EFB4F3DFCE5975BF5FDA9539FD4F7172F7E45DF9F35EBBF455DDD01B3A3C13A7D7BC5151D445151A6192E9B03A6AF8E03B9874B4B3FF1794FEF528FCD98315974EF7E9D98366D826CF91C0C3ABF39394BC2B6FC081F00360D9F2FC256FBF77F6AB6700EEA8A8E8E123FFDE94D223DFD0DFDF8C489BFD38FAB714F9EDC6986C05BE2673FBB5907565DDD7E9FE99595E589AFBFDEA1876B6AF6888A8A021962DBC4B26529BAD4B4D434F2F3DF97ADAC8F7468F8CF93FB3DB2B3179BC7745ED3B78989433C8FE5E4A4E97155700E1E3C406CDBB64A94947CEC99869A57F51EEABDD5F89B377F10B66548F800B069F89487A56A6BF7887BEF8D912D8F7CB9F1CED4A15359B9D5F37C7575B19839738AD99579890CAA4F646064EBE7EAEBCB444ACA34D9CA79428C19335C8C1E3D4C8C1831483CF4D07D9EF1DDD359B224D9DCF5B541F4EFDF475776F6221D3CEAD6D0C76D96FACC9BD379E092FE0635EF2A68823DA7DECFD0C7ADC6856D19AA227C00D8347C0EDAA69CCEFDB6FA7B54113E006C1A3E6594858BF00160D3F0394059B8081F00360D9FFD94858BF00160D3F0D94759B8081F00360D9F52CAC245F800B069F8FC9DB270113E006C1A3E7B290B17E103C0A6E1B387B270113E006C1A3E2594858BF00160D3F0F99CB270113E006C1A3EC594858BF001603B1D3B5E79DEE15017FBDC4D59B0CE9E2D3A2C3F26276B2A005BB9F5D61B2AF3F216CA0DDD2ECA82B56A55CA1AF9316D674D05602BFDFADDB93229E909B9A1FB8CB2600D19D22F5D7E4CC9ACA9006C252AEABA98A8A8EEE79CCE6D7263B793B2561D6AD7AEDD5EF931C5B2A602B09D9E3D7FB82325E529B9B1DB4159A81212FA2D901F4F2E6B2800BBBAE59A6BAEAE2D2C4C63A36F91CACB5BB04A7E2EC765DDC6EA09C0CEE2BB77BFF61B02C81AC1D3AE5DBB72F99924B05A02888800BAF2CA2BAA67CE9C70CAE9DC4A10B47C1D3277B51D27780044DC2EB8F6ED7FB0B64B97CE5F3FFEF8AF3EFBF8E3BF1E77380A088630D5D9B35B0EAF5AF5EA1AD5ABCDEC5C90CBAE360091EC0E5949B236C97218AEB3ECA9D0973A81549DC7A3BA53D3AB0D00DA302E470300207C0000840F0000840F0080F0010080F00100103E0000103E0000C2070040F8000040F80000081F0000081F0000E1030000E10300207C0000207C0000840F0080F0010080F00100103E0000103E0000C2070000C2070040F80000081F0000081F0000E1030000E10300207C0000207C0000840F0000840F0080F00100D84F96193617ABED2C26004028F596E56C247C12584C008050CBB948F014CAEAC022020084A3F5D350F80C63F10000C225D8B19FEDB47A0000E16EFDF81FFBE1580F0020EC3269F500005A5AAC57F80C627100005A8AFBD80FAD1E00408B71F77C0300B42542884E73E7CE9D3266CC98DD3131318E4E9D3A35760501EA32AB7DFBF6E76FBCF1C6137DFBF6CD96B70358FB0044A4458B168D1F3060406D7474B4484A7A51E4E5AD170EC7599947E7A930945AB68585052239F91571F3CD37D7F5ECD973B7FC186E634D041031525317AEEAD1A3874849795D389D7572E3584FB570CD99335B74EDDAF56CE7CE9D87B246028888E0E9D5AB97FC2F7C8BDC087E4FB5629594148B6EDDBA7D6B709E12007BEF6A5B305EB5780A0B37CB8D9FD3A7162C785324240C1203073E201E78E03EF160FC003167764AC0785468ABA464B7B8EAAAABAAD80507C09654E7820103EEAB4D4979550E9EF3A9B4C50BC4E087078A11BF1AA26B48C243223EBEBFB8FBEE5F88D93A80CE5161ACE4E459A73A74E8B09EB51480EDCC9DFBC694E8E81F0BA7B3566EF0EA7C6AD0C0781D3A0F3E38C053BFFCE5FDA2EF3D7D6400C5048C4F85BEAEBDF6DA6386EBE45900B08F316346EF4E4A7A5E6EE8BE0BA8B8BEB1E2F5D76689AC0F33C4DCBFA6E8164FBFB8BBF5E36AD8E93C13F47554E86AE2C427D5658292595301D84A4C4C6F475EDE5AB9A17304D4638F8D11C7FF714C6CCAFF54E47CB45A2C7D3B55ACCA5C210E96ED134FFC619CF8FEFB33415F4785AE366ECCFDD2E0975801D88D3A81D4E138253774B501F5ECD43F89A2C27CB1B56893F86CE7365D6A78EBD62DE2D967FF14F43554684B7D3686EB6ADD00602B72237726A09CCE6FC4D4A953C4E3FF3E566CDB56204A3EDFA56BE7CEAD62E284FF10939F9A20BEFBEE54D0D752A12D83CB0501B067F8D4F8545DDD29B172E53B2226E62E5176A0543CF55F137C6AC78E22D1FBE77788E5CB52E57FE627025E4F85B6081F00360D9F6F3D75FE7CB5F870F57BE29EBB634479D97EF179F16722775DB6C8FCDBFB227DF91291BAF04D194CE97A175C9F3E3F17EFBD9726BEFFBECA671A54688BF00160D3F0A9F6D4A6FC8FF5B93C2A70D6AF5F27FE96F19E0E9DB4C5F3C55BF3668B94D75F162FCD7C41773E98F7E61BA2FF7D71227BCD0A9F6950A12DC207804DC3E71B4F3D3BF569DDA34D85CCA2D479BAE6BF3547CC99FD9A783579A6F8CB8CE7C573FFF38C9832F93FC5F3CFFD59064FA6787ACA1F7DA64185B6081F00360D9F2A4FA9F051DDAA1F19395CBC9BFEB60E1D15442FCF4A1233929E13AFBC3C4307900AA484C183C4BAB56BCCF0A9A2C254840F009B86CF694FEDDEBD59FCF999C9E2D14786E97051BBDB82556C6C6FF1DBD189BA15B463C7469F6950A12DC207804DC3E7944F39CF7D25CE9C3926925F79410C1A78BF88EBDB475FD120B64F6F71B70C9DFBEEED2B26FD71BCA8AE3EA2C7F57F3D15DA227C00D8347C4E52162EC207804DC3E70465E1227C00D8347CBEA62C5C840F009B86CF5794858BF00160D3F0A9A42C5C840F009B86CF71CAC245F800B069F87CD962A5DE2F25E58546C719376E94E7BEC371483FB6614386CF78EAF17BEF8D15D9D9EF88C183E3C51FFEF03B9F698C1DFBEB66CD6B6565B19EB6BBD434D7AFFF4024260ED5E57E6CC58AF9615F66ACA6006C183EFF085B15147CA837D263C73EAA6F7BF6FC91273054AD5E9D267EF2931FFBBC46CDD3EF7F9F28C3E50BCFB8EAB1279F1CEB192E2F2FD0E396947C2ACACAB688D8D8BBC4A851C3F563274FEED1E30C1D3A30607EAAABF7E9E7D4386ADED46B54B9E7273D7DAE7E7ED7AE757A7CA7F388BEAF9EF3BEAFDED73DAF59596F877519123E006C1A3E15612B35FD8C8C853EF767CE7CC673FF8A2B3A8869D3FEA887ABAB4BE5467EA968DFBEBDB8FDF67F11C9C9D3447DFD51BDA1BFB0C10F9C7E7171AED92A59E1796CEFDEF5A2A8284BDC74D30D01AF51E3ABDBBABA433ED3C9CC4C0D1857BDBF7A6EEDDAE53EE366652DF10CE7E6BE1BF665C86A0AC086E1732C6C5557F785C8CFCF90A1F2B62ED72EB57FD3C323463C2C5B448FF88C5F5FEF6A590C1F3EC8F3983B4C5400A8E1CACA5D3ECFEDDFBFD1737BEBADBDF4F4DDCFBFF8E21471F5D59D65707D222A2AB67BE6E1F4E93D01AF77858FEFFCE7E4BC23AEB9E69F642BEA977A1AEED76465A5050C87AB081F00360D9FA3612DD7867DA167383B7B891ECECD4DD71B76EF71EBEB0FBB37B672C3BF54DFAA5D752B56CCD3C34545AB03C69D3F7F96794C6885D8B62D4B2426FEAB7E0F150A5151FF2C9E7B6E921ED75D1702C3353FA5A579FA76E9D2FF1577DEF9531117F70B9F79578FBB83B2BC7CB37E6CD9B237F434D4B0DAE577F2647158971FAB29001B86CF91B0967A0FB5415781E06AF924EA61152AC3870FF419372363BEB92B6BB9888E8E922D9E4F84D3596EEE765B671EFB19E319BFA262ABCFFB8C1A3554D4D6EE130EC701CFF335357F0F989FACACC59EE1D2D2F566402EF019AFAC6CA3675E468C7848878F9A97CACA9D01D35BBD3A35ACCB8FD514800DC3E77058EB42F8A479854F9A57F85C18573D76FDF53D457EFE0A7DBFBADAD579E0E8D142B17EFDBBE66EB23CCFF8EAF98C8CB7C4DAB5EF981D151ED5AF55C30EC77E7D3B70E0BD01F3535AFAA90C911D7AF8F0E12D5EE17361BC9A9ABDE2F6DB6F95E1B34C3F77FFFDF7E8E01B3B76A49E7FF55C4ECEDB660788FCB02E3F565300360C9F43612DB5F1760FBB76BB2DD6C3E5E51B65EB6283E7B98A8A42D9B238A83B1C8C1BF76B19109FE8D68F7A2E276789D9FA59EB197FF1E257F463B366FDB7A8AB3B601E1B72B58E544786A2A24C335C36FBCC8F7A4C1D07720FABF77185CFFC8079578FCD98315974EF7E9D98366D829E3FFF715CBB0897846DF9113E006C1A3E5FB4585D089F8B8F337AF4303D5C53E36AF9A80DBFFBB921431EF03C575151205B30DBC4B26529BAEAEB0FEA71F2F3DF17C5C51FE9D00836FDCCCCB7F47C18FA98CE6BFA36317188E7B19C9C343DAE6A850D1E3C406CDBB64A06DFC79E699C3CB953BF877A6F35FEE6CD1F847599B19A02B061F894B758B9C26751A3E36CD8902E0A0A568A7BEEB92BE8F34545199EFB4B96249BBBBE3688FEFDFBE852EFA18247DD1AFAB8CD529F69389D072E697E0F1FCED74113EC39F57E6ADA93278F0BFB3263350560C3F039689B723AF7DBEAEF5145F800B069F89451162EC207804DC3E70065E1227C00D8347CF653162EC207804DC3671F65E1227C00D8347C4A290B17E103C0A6E1F377CAC245F800B069F8ECA52C5C840F009B86CF1ECAC245F800B069F89450162EC207804DC3E773CAC245F800B069F81453162EC20780ED74EC78E5798743FD20DB6ECA8275F66CD161F93139595301D8CAADB7DE509997A77EE27A1765C15AB52A658DFC98B6B3A602B0957EFDEE5C9994F484DCD07D4659B0860CE9972E3FA664D65400B61215755D4C5454F7734EE736B9B1DB4959AB0EB56BD76EAFFC98625953015C866EB212CD7F60F3641D335CC790DD755C56A1AC85B2C6C98A6ED1B9EBD9F3873B52529E921BBB1D94852A21A1DF02F9F1E4F2FD01D044F1B2326539FCC2A6B1729A61345656879698D15BAEB9E6EADAC2C23436FA16A9BCBC05ABCCFF4A6EE37B04E012F5365CC7884508AAD46C0D853F29BB77BFF61B02C81AC1D3AE5DBB72F99924F05D0270895E325B2EFE2D991C59D365F597D54B561773FC4EE66E36B55B7F9A395EB096927A3C2AEC0174E5955754CF9C39E194D3B9952068F93A64EE6A3B4EF000B8442A4CF2FC02A3C6701DE7896EE2B4BACA7A465699DFF4AACCF00AEF2EB8F6ED7FB0B64B97CE5F3FFEF8AF3EFBF8E3BF1E77380A088630D5D9B35B0EAF5AF5EA1AD5ABCDEC5C90CBAE36004D089E4D7E415168B6709A431DEF99E4D792528136B225FEA83B6425997F58530F5A514D3BC0B7DDFC2F855E6D009AC2BFC533DD086D47815B6495784DDFC15E998BE3723400ECEE25BFE00957AB44B5AE72FC5A40B7B0F8091F009147F56A73FAB578C249754EC8357CCF0FEAC6C740F800882CBB0CDF633C2D714E8E0A9B135EEF9BC2C740F800881CF186EF2EB05E2DF8DE097EEF1DCDC741F800880C595E01D01AD77DCC6CE5F7277C00A085A95D5FEEDEC7CE566A79F4367CCFFFE9CAC742F80068BBD401FDB846C649347CAF3CD05ABC4F421DC64747F80068DBDB2D61865043E7FC251B2DD7C3ED62920C3A1E103E006C153EDE2D1BFF9690F749A571AD38AF23FDC212840F009B848FF7C6DD1D34DEBFC7D3AB15E7F536C3F79C1F103E006C163EDE2D21EFFB5D5A715E3BF9CD0B081FB431DE97B357D7F8AB32B8DE21756965A5B004E183364075977DC9DC85A2CE4E57076F8799BB32E8B64ACBC7BFD43F25EAE4CE0EB47C081FE0728D3343679ED1BAFBEC61FDF0F10E1D378EF9103E4093A80DC8BB86ABB712BFD7848B854FA1D9120E76BD367ABB113E4093A8E0C9325AE60290689B82B574FCCD31AC719ECF74AFF998C34747F8C09AC699FFB1123C68AED18635AE70E0FD037323F958081F588FEA5CA0F6D3B3AB0DA11065F85EDBAD357E53C7FB788FC3E0777D081F5892EAD5C66E098492F7719F69ADF0FE695EEF9FC6C741F8C09A54AB875E6D0825EF5D6F6AFD6AC92ED7B718BEBFA07A071F07E103EB51279016B2181062EAD8A1F73197675AA9D595C94741F8C09AA61BAE13488170B67E9C2DD40299E4F79E1CC7247C6051AA3712BF758270F1FE45D35223BC57C748347C77B78D67F1133EB0AEEDFC778830EA21EB84E17BB267A730054F8D412703C2076D063F318C708B357C2F46AB8EC9448570FA93FC5A3CAA35DF85C54EF880F51050BB761D5E01A15A29CD3DF153F56ADB6404FEA403C1C3971EAC878047BCE1BB6BACA15F426D8CDA4D9CE6D7DA71EF6A2378F8D283F51008DA5A3966045E1DFB90E13AD959F59053BDE2DCC7853A9961A35A49D365ED0AF25A1542742EE04B0FD643E0A2BA9841536334FFC7EA320D3ACCF0A507EB21D004AAD3813AC7ACA9BF8CAB8E1DA5195CB9802F3D580F816650BBD6D4F1A064C3750CC87FB79CFA2138D5455B5D7F5075A9E622A17CE9C17A08802F3DC07A08802F3D580F01F0A507580F01BEF42C02B01E02E04B0FD643007CE901D643007CE9C17A08802F3DC07A08802F3D580F01F0A507580F01F0A507EB2100BEF400EB21C0971E603D04C0971EAC8700F8D203AC8700F8D283F510005F7A80F510005F7AB01E02E04B0FB01E02E04B0FD643007CE9C17A08802F3DC07A08A079B2CC2FF9C56A3B8B09840F8050EA2DCBD948F824B09840F80008B59C8B044FA1AC0E2C22103E00C2D1FA69287C86B17840F800089760C77EB6D3EA01E10320DCAD1FFF633F1CEB01E10320EC3269F580F001D0D262BDC267108B03840F8096E23EF643AB07840F8016D39B2F3D081FA02D7E6384E83477EEDC2963C68CD91D1313E3E8D4A953635710A02EB3DAB76F7FFEC61B6F3CD1B76FDF6C793B80B58FF00122D2A2458BC60F1830A0363A3A5A2425BD28F2F2D60B87E3ACCCA3F354184A2DDBC2C202919CFC8AB8F9E69BEB7AF6ECB95B7E0CB7B126123E40C4484D5DB8AA478F1E2225E575E174D6C98D633DD5C23567CE6CD1B56BD7B39D3B771ECA1A49F80011113CBD7AF592FF856F911BC1EFA956AC929262D1AD5BB76F0DCE53227C007BEF6A5B305EB5780A0B37CB8D9FD3A7162C785324240C1203073E201E78E03EF160FC003167764AC0785468ABA464B7B8EAAAABAAD80547F800F6FC7608D169C080FB6A53525E9583E77C2A6DF10231F8E18162C4AF86E81A92F090888FEF2FEEBEFB1762B60EA07354182B3979D6A90E1D3AAC672D257C00DB993BF78D29D1D13F164E67ADDCE0D5F9D4A081F13A741E7C7080A77EF9CBFB45DF7BFAC8008A09189F0A7D5D7BEDB5C70CD7C9B3207C00FB183366F4EEA4A4E7E586EEBB808AEB1B2B5E7F6D96C8FA3043CCFD6B8A6EF1F48BBB5B3FAE869DCE33415F4785AE264E7C525D26289935B5CD196470A50DA0613131BD1D79796BE586CE11508F3D36461CFFC731B129FF5391F3D16AB1F4ED54B12A73853858B64F3CF18771E2FBEFCF047D1D15BADAB831F74B835F626D6BE265A9E37529E62D1D47007FEA045287E394DCD0D506D4B353FF248A0AF3C5D6A24DE2B39DDB74A9E1AD5BB788679FFD53D0D750A12DF5D918AEAB75A36D054F82570BE804010404921BB93301E5747E23A64E9D221EFFF7B162DBB60251F2F92E5D3B776E151327FC8798FCD404F1DD77A782BE960A6D191C3B68ABC1D3D8E340A4874F8D4FD5D59D122B57BE236262EE1265074AC553FF35C1A776EC2812BD7F7E8758BE2C55FE677E22E0F554688BF0691306351230EEE73906045C089F6F3D75FE7CB5F870F57BE29EBB634479D97EF179F16722775DB6C8FCDBFB227DF91291BAF04D194CE97A175C9F3E3F17EFBD9726BEFFBECA671A54688BF06933C1D358B0D002027CC3A7DA539BF23FD6E7F2A8C059BF7E9DF85BC67B3A74D216CF176FCD9B2D525E7F59BC34F305DDF960DE9B6F88FEF7C589EC352B7CA64185B6089F36B1AB6D5098C607EC1C3EDF78EAD9A94FEB1E6D2A6416A5CED335FFAD3962CEECD7C4ABC933C55F663C2F9EFB9F67C494C9FF299E7FEECF327832C5D353FEE8330D2AB445F8583E78122EE375350410081F51E529153EAA5BF52323878B77D3DFD6A1A382E8E559496246D273E2959767E80052819430789058B7768D193E5554988AF0B155F0B00B0EB8103EA73DB57BF766F1E767268B471F19A6C345ED6E0B56B1B1BDC56F4727EA56D08E1D1B7DA64185B6081FCB69AC73414B4F0768ABE173CAA79CE7BE1267CE1C13C9AFBC20060DBC5FC4F5EDA3AF6810DBA7B7B85B86CE7DF7F61593FE385E54571FD1E3FABF9E0A6D113E960C9E50ED32A30584480E9F9394858BF0B1DCAE3677F0FC40D6EFCCDBA6F07F1D9D1010A9E17382B270113E960A9E04AF0059647E368B9A10400DBD8E00422486CFD794858BF0B15CF01866CB4578D5A5049077F0B86B4C905D7AEC8243A484CF5794858BF069550D0542B020B95800051B3F35C8F81C034224854F2565E1227C9A2D57565C3382675013022558005D6AF018EC82438485CF71CAC245F8347F1D374B85D0A5FE30DFA506406301D4D4E0F17E7FAE860DBB87CF97212987E39067B8BEBE4294951588CCCCC5E2E9A79FD05FBA175F7C3AE8EBEAEA8EE8E767CEFCF345A7AFA675FA7469C0EB72729687EC6F70979A6E4ACA0B8D8E336EDC289FBF5F3DB6614346C8E785D53424E1E3AE9C465A424DDDF5D55000B5BBCCE0696C971F6097F0F947484A4D6BFAF4C9E29A6BFE49C4C5C588F7DE9B27F2F3FF2637CA5F34FABAA14307363AFDE2E24FF4B8DBB665EBFB757587F5FDD5ABD302C6ADAEDEA79F3B79728F2828F8508C1A355C5776F63BBAD2D3E7EAE777ED5AA7C757E3A8C7C78E7D54DFF6ECF92371EFBDB19EF1D57BFCE4273F0E98EFDFFF3E51FF7DEE71D5634F3E39D6335C5E5E1092E5CA6A1AD2F0F16E09C53533782E1640FB9B113CCD9D1FA02D844F45484A4D6BC9929426BF66DAB43F7AEE97956D1673E7FE45864769D0F1F7EE5DEF19AEAD2DD3AFCFCC4C0D3A6E7171AEBEADAB3BE4F37EC1C6578F67642CF4B93F73E6339EFB575CD1C1339F6ADEB2B3978AF6EDDB8BDB6FFF17919C3C4DB6F48E8A92924FF5EBD46DA896A97B5E584DC3123EDE2DA1D810B4348205507382A7A9BB0081B6163EC742526A5AB1B177C90DF3DBB205F188A7D4FD8C8C05C2FBBD4A4BF3F4FDF9F367E98DF98E1D1F890D1B3E10B9B9E962D9B2D9FAB911231ED6E356546CD7D3B8FAEACE222B2BCD330D15446A3CF51AEFF9708FAF9E3B7D7A8F67DEF6EFDFE8153EBEF35E57F7856CA565E8D7B95F3B6EDCBFE961351FEAEFF01EBFBEDEB5CB6FF8F0413E7FBF9AA7B56B97EBE1CACA5D215BAE548B554A33BF4FED82B478F69B8F37478A39ADAE6CB260A3F0391A9252D35ABCF8D54B1A77EF5E572B213A3A4A86C142B9C15E264E9E2C160E47997EBEAC2C5FB8E7ADBEFEB02E57CBEA75CF345410A9C78A8BD7FA4CDB7B7C5758B9E6CD1D784B97FEAFB8F3CE9F8AB8B85F04CCBF9A17F77076F6123DACC24DED4AF47F0FF7C6252767A9BE55BBEA56AC98A7878B8A568774B9B29A86A5E5B3DD6CE57430C76BEEA5732ED6F269CA89A8B47C1029E1732424E5FACFFF13B17A75AADE705F68F92CD1CFD5D6EEF319BFA4649DDC58BF1930AEDAD067662E083AFD254B5ED3C36A5AAE8DFC2AD1B1E3950DCE4F56D662CF7069E97A3360163438BE0A24F7FC8E1B97A88755A80C1F3ED067DC8C8CF966AB6BB90E50F5773B9DE5E66EB775E6B19F31215BAEACA6210D1FFFD0F1DFD0D718E139E6733901C4311FD8397C0E87A45CE1936B1E3F792BE0B9152BE6FA3C969BBB4C1F4B09369DC58B93833E5E52B256DF7EFDF567FAB6AC6C83BE5DBFFEDDA0E397967E2A2A2B77E8E1C387B778854FF0F977854F9A57F8A47985CF8571D563D75FDF53E4E7AFD0F7ABABF7E8D71C3D5AA8E7C5B59B2F2F64CB95D53424E153286B5803A1D39C964643DDA983F5766B4A00D1DB0D760F9F43CD2EA7F3A04F186464CCF3793ED86317C2E750C0B84B96BC1AF0B86A49A8E72A2A0A756B233171887E3C3373BE484F7F23E874D47122F77069E92766F8CC0FFA37A8F9F17E6D76F6623D5C5EBE51FF5DEEE7D4FBABBF5775381837EED77ABA6A7ED47339394B3C21198AE5EA9E1756D366B9584BA7B92D8EC6CEE369EA9510DC7A1B9CE703FB87CF17CD2E359DD75E7BD6337CCF3D7789B16347EA521B71431F9BF9C8E735B9B9EEAEC9BF0D1877EDDAB783BEC7AE5D6B445656AAF8C94FAE0F78AE478F1F063C9699F996679A4B97BEA66F5568B91FCBC9496BF0EF7185CFC5FFE6D1A387E9E19A9A3D66CFBD099EE7860C792064CB96D5B45534D6F2B8D413489B1A40EE5D7FC3F80860F3F0296F56555414981B7ED77D431F0B59EA338E7A2C3FFF3D9FC7D4383131B7074CCFD54A7A33E0F1DADA3DE2A69BA265C84D0D78EEF4E9CFCC633C0B7D1E773A0F5CD6DFE40A9F458D8EB36143BA282858A9C336D8F3454519CD5EBE844FAB6AA805D4D42B175C6A00B9DF8FE0412484CF41CAC245F858A205E4BF0BEC7746D3CFE3E1AAD6806FF89451162EC2C752BBE006050992A69C40DAD0EBE84E8D480C9F0394858BF0B1EC2EB81F982D97CBF92553EFD785FAA7B981B6123EFB290B17E163E9000AC72E3D2052C2671F65E1227C6C1B409C408A480F9F52CAC245F85852737795B1AB0D848F107FA72C5C848FE503A8A92D173A1700AEF0D94B59B8081F5BED8263571B70217CF650162EC2C73601A42E99C3950B800BE1534259B8089F36B30BAEE622BBD2DCBDDA081EE042F87C4E59B8089F36DF0262571B103C7C8A290B17E1D3A60388E00182E9D8F1CAF30EC756B991DB4D59B0CE9E2D3A2C3F26276B6A9B0CA014820768C0ADB7DE509997A7AE04BD8BB260AD5A95B2C670FD1E0DDA9641668B95EED44030FDFADDB93229E909B9A1FB8CB2600D19D22F5D7E4CC9ACA96D12BB4B818644455D171315D5FD9CD3B94D6EEC7652D6AA43EDDAB5DB2B3FA658D654C207B09D9E3D7FB82325E529B9B1DB4159A81212FA2D901F4F2E6B28E103D8D52DD75C73756D61611A1B7D8B545EDE8255F273392EEB36564FC207B0B3F8EEDDAFFD8600B246F0B46BD7AEDCA09714E103444A005D79E515D533674E38E5746E25085ABE0E99BBDA8E133C840F1071BBE0DAB7FFC1DA2E5D3A7FFDF8E3BFFAECE38FFF7ADCE1282018C25467CF6E39BC6AD5AB6B54AF36B373412EBBDA081F2092DD212B49D626590EF38B4485BED409A4EA3C1ED59D9A5E6D840F0000840F0080F0010080F00100103E0000C2070000C2070040F8000040F80000081F0000081F0000E1030000E10300207C0000840F0000840F0080F0010080F00100103E0000103E0000C2070040F8B0080000840F0080F0010080F081DD749395282B59569EAC63E67AE9AEE3B20A652D94354E56348B0C207C80CB152F2B5396C32F6C1A2BA71946636575603102840F70297ACBDADEC4C069A84ACDD61000C20768D04B66CBC5BF2593236BBAACFEB27AC9EA628EDFC970ED668B9535CD1C2F584B493D1EC5E205081FC09B0A933CBFC0A8315CC779A29B38ADAEB29E9155E637BD2A33BC00B40155E697190867F06CF20B8A42B385D31CEA78CF24BF96940AB4912C72C0FAD4BEF7DB580C0823FF16CF7423B41D056E9155E2357DB55B2E81C50E589BDA573E8CC5803079C92F78C2D52AE962AECBDE2DA05B58FC8075A9FF4293580C0803D5ABCDE9D7E20927D53921D7F03D3FA81B1F03604DAA1751218B0161B0CBF03DC6D312E7E4A8B039E1F5BE297C0C8075A933CA7BB1181042F186EF2EB0965CBF12FCDE3B9A8F03B026B55F7E0E8B012194E51500C9ADF0FE99ADFCFE002E4137B3F543AF37846A7D729F08EA6CA596476FC3F7FC1F4E27002C4A5DA2447589E55A59B81875403FAE9171120DDF2B0FB416EF9350E9D10958D8BB866B7709018486B837E62A84621B1827D968B91E6E179364D0F10068133A9801A45A409C23818B858F77CBC6BF25E47D52695C2BCEEB48BFB00460716A179C3A47427542A0171C2E163EDE1B7777D078FF1E4F6BAE3FB719BEE7FC006803D441E397CC0D89BA2E97DA8531CCFC4273F096F069A872FCEE7769C579EDE4372F00DA18F51FED7473C3A2AE05576584E6B75828FB9795C2120060B3968FFAA7449DDCD981960F0020DCE1E31D3A6E1CF3010084257CD4B5DA8619C1BBE5D3DB0D001052C15A3AFEE618D638CF67BAD77C70F92800B0B9D18635AE70E0FD0373FCBA2900D85C94E17B6DB7D6F84D1DEFE33D0E83DFF5018088E07DDC675A2BBC7F9AD7FBA7F171004064F0DEF5A67ABFB56497EB5B0CDF5F50BD838F03002283EA90E07DCCE599566A7565F2510040E4B67E9C2DD40299E4F79EFC4615004420EF5F342D35C27B5DC044C37777DB78163F0044A61EB24E18BE277B760A53F0D4187432000098D48FCE795F8C561D93890AE1F427F9B578D4B9455D58EC000075291E875740A8564A734FFC54BDDA3619813FE940F000003CE20DDF5D630DFD126A6354278234BFD68E7B571BC1030008DA5A3966045E1DFB90E1FAF142D5434EF58A731F17EA64868D6A254D97B52BC86B5508D1B9000070515DCCA0A9319AFF63759906DDA901004DA03A1DA89F676FEA2FE3AA63476906572E00003483DAB5A68E07251BAE6340FEBBE5D40FC1A92EDAEA671154976A2E120A000000000000000000000000000000000000D8D4FF07EA4F30BA2E0971BD0000000049454E44AE426082, '1');

-- ----------------------------
-- Table structure for act_ge_property
-- ----------------------------
DROP TABLE IF EXISTS `act_ge_property`;
CREATE TABLE `act_ge_property` (
  `NAME_` varchar(64) COLLATE utf8_bin NOT NULL DEFAULT '',
  `VALUE_` varchar(300) COLLATE utf8_bin DEFAULT NULL,
  `REV_` int(11) DEFAULT NULL,
  PRIMARY KEY (`NAME_`)
) ENGINE=InnoDB DEFAULT CHARSET=utf8 COLLATE=utf8_bin;

-- ----------------------------
-- Records of act_ge_property
-- ----------------------------
INSERT INTO `act_ge_property` VALUES ('next.dbid', '301', '4');
INSERT INTO `act_ge_property` VALUES ('schema.history', 'create(5.15.1)', '1');
INSERT INTO `act_ge_property` VALUES ('schema.version', '5.15.1', '1');

-- ----------------------------
-- Table structure for act_hi_actinst
-- ----------------------------
DROP TABLE IF EXISTS `act_hi_actinst`;
CREATE TABLE `act_hi_actinst` (
  `ID_` varchar(64) COLLATE utf8_bin NOT NULL,
  `PROC_DEF_ID_` varchar(64) COLLATE utf8_bin NOT NULL,
  `PROC_INST_ID_` varchar(64) COLLATE utf8_bin NOT NULL,
  `EXECUTION_ID_` varchar(64) COLLATE utf8_bin NOT NULL,
  `ACT_ID_` varchar(255) COLLATE utf8_bin NOT NULL,
  `TASK_ID_` varchar(64) COLLATE utf8_bin DEFAULT NULL,
  `CALL_PROC_INST_ID_` varchar(64) COLLATE utf8_bin DEFAULT NULL,
  `ACT_NAME_` varchar(255) COLLATE utf8_bin DEFAULT NULL,
  `ACT_TYPE_` varchar(255) COLLATE utf8_bin NOT NULL,
  `ASSIGNEE_` varchar(255) COLLATE utf8_bin DEFAULT NULL,
  `START_TIME_` datetime NOT NULL,
  `END_TIME_` datetime DEFAULT NULL,
  `DURATION_` bigint(20) DEFAULT NULL,
  `TENANT_ID_` varchar(255) COLLATE utf8_bin DEFAULT '',
  PRIMARY KEY (`ID_`),
  KEY `ACT_IDX_HI_ACT_INST_START` (`START_TIME_`),
  KEY `ACT_IDX_HI_ACT_INST_END` (`END_TIME_`),
  KEY `ACT_IDX_HI_ACT_INST_PROCINST` (`PROC_INST_ID_`,`ACT_ID_`),
  KEY `ACT_IDX_HI_ACT_INST_EXEC` (`EXECUTION_ID_`,`ACT_ID_`)
) ENGINE=InnoDB DEFAULT CHARSET=utf8 COLLATE=utf8_bin;

-- ----------------------------
-- Records of act_hi_actinst
-- ----------------------------
INSERT INTO `act_hi_actinst` VALUES ('101', 'auth:1:4', '5', '5', 'usertask3', '102', null, '后台认证审核', 'userTask', null, '2019-12-31 23:54:06', '2020-01-01 17:46:48', '64362996', '');
INSERT INTO `act_hi_actinst` VALUES ('18', 'auth:1:4', '5', '5', 'mailtask1', null, null, '发送验证码', 'serviceTask', null, '2019-12-31 23:20:19', '2019-12-31 23:20:24', '4621', '');
INSERT INTO `act_hi_actinst` VALUES ('19', 'auth:1:4', '5', '5', 'usertask2', '20', null, '审核验证码', 'userTask', 'zhangsan', '2019-12-31 23:20:24', '2019-12-31 23:54:06', '2022882', '');
INSERT INTO `act_hi_actinst` VALUES ('203', 'auth:1:4', '5', '5', 'exclusivegateway1', null, null, 'Exclusive Gateway', 'exclusiveGateway', null, '2020-01-01 17:46:48', '2020-01-01 17:46:49', '6', '');
INSERT INTO `act_hi_actinst` VALUES ('204', 'auth:1:4', '5', '5', 'endevent1', null, null, 'End', 'endEvent', null, '2020-01-01 17:46:49', '2020-01-01 17:46:49', '0', '');
INSERT INTO `act_hi_actinst` VALUES ('6', 'auth:1:4', '5', '5', 'startevent1', null, null, 'Start', 'startEvent', null, '2019-12-31 23:20:19', '2019-12-31 23:20:19', '9', '');

-- ----------------------------
-- Table structure for act_hi_attachment
-- ----------------------------
DROP TABLE IF EXISTS `act_hi_attachment`;
CREATE TABLE `act_hi_attachment` (
  `ID_` varchar(64) COLLATE utf8_bin NOT NULL,
  `REV_` int(11) DEFAULT NULL,
  `USER_ID_` varchar(255) COLLATE utf8_bin DEFAULT NULL,
  `NAME_` varchar(255) COLLATE utf8_bin DEFAULT NULL,
  `DESCRIPTION_` varchar(4000) COLLATE utf8_bin DEFAULT NULL,
  `TYPE_` varchar(255) COLLATE utf8_bin DEFAULT NULL,
  `TASK_ID_` varchar(64) COLLATE utf8_bin DEFAULT NULL,
  `PROC_INST_ID_` varchar(64) COLLATE utf8_bin DEFAULT NULL,
  `URL_` varchar(4000) COLLATE utf8_bin DEFAULT NULL,
  `CONTENT_ID_` varchar(64) COLLATE utf8_bin DEFAULT NULL,
  PRIMARY KEY (`ID_`)
) ENGINE=InnoDB DEFAULT CHARSET=utf8 COLLATE=utf8_bin;

-- ----------------------------
-- Records of act_hi_attachment
-- ----------------------------

-- ----------------------------
-- Table structure for act_hi_comment
-- ----------------------------
DROP TABLE IF EXISTS `act_hi_comment`;
CREATE TABLE `act_hi_comment` (
  `ID_` varchar(64) COLLATE utf8_bin NOT NULL,
  `TYPE_` varchar(255) COLLATE utf8_bin DEFAULT NULL,
  `TIME_` datetime NOT NULL,
  `USER_ID_` varchar(255) COLLATE utf8_bin DEFAULT NULL,
  `TASK_ID_` varchar(64) COLLATE utf8_bin DEFAULT NULL,
  `PROC_INST_ID_` varchar(64) COLLATE utf8_bin DEFAULT NULL,
  `ACTION_` varchar(255) COLLATE utf8_bin DEFAULT NULL,
  `MESSAGE_` varchar(4000) COLLATE utf8_bin DEFAULT NULL,
  `FULL_MSG_` longblob,
  PRIMARY KEY (`ID_`)
) ENGINE=InnoDB DEFAULT CHARSET=utf8 COLLATE=utf8_bin;

-- ----------------------------
-- Records of act_hi_comment
-- ----------------------------

-- ----------------------------
-- Table structure for act_hi_detail
-- ----------------------------
DROP TABLE IF EXISTS `act_hi_detail`;
CREATE TABLE `act_hi_detail` (
  `ID_` varchar(64) COLLATE utf8_bin NOT NULL,
  `TYPE_` varchar(255) COLLATE utf8_bin NOT NULL,
  `PROC_INST_ID_` varchar(64) COLLATE utf8_bin DEFAULT NULL,
  `EXECUTION_ID_` varchar(64) COLLATE utf8_bin DEFAULT NULL,
  `TASK_ID_` varchar(64) COLLATE utf8_bin DEFAULT NULL,
  `ACT_INST_ID_` varchar(64) COLLATE utf8_bin DEFAULT NULL,
  `NAME_` varchar(255) COLLATE utf8_bin NOT NULL,
  `VAR_TYPE_` varchar(255) COLLATE utf8_bin DEFAULT NULL,
  `REV_` int(11) DEFAULT NULL,
  `TIME_` datetime NOT NULL,
  `BYTEARRAY_ID_` varchar(64) COLLATE utf8_bin DEFAULT NULL,
  `DOUBLE_` double DEFAULT NULL,
  `LONG_` bigint(20) DEFAULT NULL,
  `TEXT_` varchar(4000) COLLATE utf8_bin DEFAULT NULL,
  `TEXT2_` varchar(4000) COLLATE utf8_bin DEFAULT NULL,
  PRIMARY KEY (`ID_`),
  KEY `ACT_IDX_HI_DETAIL_PROC_INST` (`PROC_INST_ID_`),
  KEY `ACT_IDX_HI_DETAIL_ACT_INST` (`ACT_INST_ID_`),
  KEY `ACT_IDX_HI_DETAIL_TIME` (`TIME_`),
  KEY `ACT_IDX_HI_DETAIL_NAME` (`NAME_`),
  KEY `ACT_IDX_HI_DETAIL_TASK_ID` (`TASK_ID_`)
) ENGINE=InnoDB DEFAULT CHARSET=utf8 COLLATE=utf8_bin;

-- ----------------------------
-- Records of act_hi_detail
-- ----------------------------

-- ----------------------------
-- Table structure for act_hi_identitylink
-- ----------------------------
DROP TABLE IF EXISTS `act_hi_identitylink`;
CREATE TABLE `act_hi_identitylink` (
  `ID_` varchar(64) COLLATE utf8_bin NOT NULL DEFAULT '',
  `GROUP_ID_` varchar(255) COLLATE utf8_bin DEFAULT NULL,
  `TYPE_` varchar(255) COLLATE utf8_bin DEFAULT NULL,
  `USER_ID_` varchar(255) COLLATE utf8_bin DEFAULT NULL,
  `TASK_ID_` varchar(64) COLLATE utf8_bin DEFAULT NULL,
  `PROC_INST_ID_` varchar(64) COLLATE utf8_bin DEFAULT NULL,
  PRIMARY KEY (`ID_`),
  KEY `ACT_IDX_HI_IDENT_LNK_USER` (`USER_ID_`),
  KEY `ACT_IDX_HI_IDENT_LNK_TASK` (`TASK_ID_`),
  KEY `ACT_IDX_HI_IDENT_LNK_PROCINST` (`PROC_INST_ID_`)
) ENGINE=InnoDB DEFAULT CHARSET=utf8 COLLATE=utf8_bin;

-- ----------------------------
-- Records of act_hi_identitylink
-- ----------------------------
INSERT INTO `act_hi_identitylink` VALUES ('103', 'backuser', 'candidate', null, '102', null);
INSERT INTO `act_hi_identitylink` VALUES ('21', null, 'participant', 'zhangsan', null, '5');

-- ----------------------------
-- Table structure for act_hi_procinst
-- ----------------------------
DROP TABLE IF EXISTS `act_hi_procinst`;
CREATE TABLE `act_hi_procinst` (
  `ID_` varchar(64) COLLATE utf8_bin NOT NULL,
  `PROC_INST_ID_` varchar(64) COLLATE utf8_bin NOT NULL,
  `BUSINESS_KEY_` varchar(255) COLLATE utf8_bin DEFAULT NULL,
  `PROC_DEF_ID_` varchar(64) COLLATE utf8_bin NOT NULL,
  `START_TIME_` datetime NOT NULL,
  `END_TIME_` datetime DEFAULT NULL,
  `DURATION_` bigint(20) DEFAULT NULL,
  `START_USER_ID_` varchar(255) COLLATE utf8_bin DEFAULT NULL,
  `START_ACT_ID_` varchar(255) COLLATE utf8_bin DEFAULT NULL,
  `END_ACT_ID_` varchar(255) COLLATE utf8_bin DEFAULT NULL,
  `SUPER_PROCESS_INSTANCE_ID_` varchar(64) COLLATE utf8_bin DEFAULT NULL,
  `DELETE_REASON_` varchar(4000) COLLATE utf8_bin DEFAULT NULL,
  `TENANT_ID_` varchar(255) COLLATE utf8_bin DEFAULT '',
  PRIMARY KEY (`ID_`),
  UNIQUE KEY `PROC_INST_ID_` (`PROC_INST_ID_`),
  KEY `ACT_IDX_HI_PRO_INST_END` (`END_TIME_`),
  KEY `ACT_IDX_HI_PRO_I_BUSKEY` (`BUSINESS_KEY_`)
) ENGINE=InnoDB DEFAULT CHARSET=utf8 COLLATE=utf8_bin;

-- ----------------------------
-- Records of act_hi_procinst
-- ----------------------------
INSERT INTO `act_hi_procinst` VALUES ('5', '5', null, 'auth:1:4', '2019-12-31 23:20:19', '2020-01-01 17:46:49', '66390009', null, 'startevent1', 'endevent1', null, null, '');

-- ----------------------------
-- Table structure for act_hi_taskinst
-- ----------------------------
DROP TABLE IF EXISTS `act_hi_taskinst`;
CREATE TABLE `act_hi_taskinst` (
  `ID_` varchar(64) COLLATE utf8_bin NOT NULL,
  `PROC_DEF_ID_` varchar(64) COLLATE utf8_bin DEFAULT NULL,
  `TASK_DEF_KEY_` varchar(255) COLLATE utf8_bin DEFAULT NULL,
  `PROC_INST_ID_` varchar(64) COLLATE utf8_bin DEFAULT NULL,
  `EXECUTION_ID_` varchar(64) COLLATE utf8_bin DEFAULT NULL,
  `NAME_` varchar(255) COLLATE utf8_bin DEFAULT NULL,
  `PARENT_TASK_ID_` varchar(64) COLLATE utf8_bin DEFAULT NULL,
  `DESCRIPTION_` varchar(4000) COLLATE utf8_bin DEFAULT NULL,
  `OWNER_` varchar(255) COLLATE utf8_bin DEFAULT NULL,
  `ASSIGNEE_` varchar(255) COLLATE utf8_bin DEFAULT NULL,
  `START_TIME_` datetime NOT NULL,
  `CLAIM_TIME_` datetime DEFAULT NULL,
  `END_TIME_` datetime DEFAULT NULL,
  `DURATION_` bigint(20) DEFAULT NULL,
  `DELETE_REASON_` varchar(4000) COLLATE utf8_bin DEFAULT NULL,
  `PRIORITY_` int(11) DEFAULT NULL,
  `DUE_DATE_` datetime DEFAULT NULL,
  `FORM_KEY_` varchar(255) COLLATE utf8_bin DEFAULT NULL,
  `CATEGORY_` varchar(255) COLLATE utf8_bin DEFAULT NULL,
  `TENANT_ID_` varchar(255) COLLATE utf8_bin DEFAULT '',
  PRIMARY KEY (`ID_`)
) ENGINE=InnoDB DEFAULT CHARSET=utf8 COLLATE=utf8_bin;

-- ----------------------------
-- Records of act_hi_taskinst
-- ----------------------------
INSERT INTO `act_hi_taskinst` VALUES ('102', 'auth:1:4', 'usertask3', '5', '5', '后台认证审核', null, null, null, null, '2019-12-31 23:54:06', null, '2020-01-01 17:46:48', '64362982', 'completed', '50', null, null, null, '');
INSERT INTO `act_hi_taskinst` VALUES ('20', 'auth:1:4', 'usertask2', '5', '5', '审核验证码', null, null, null, 'zhangsan', '2019-12-31 23:20:24', null, '2019-12-31 23:54:06', '2022869', 'completed', '50', null, null, null, '');

-- ----------------------------
-- Table structure for act_hi_varinst
-- ----------------------------
DROP TABLE IF EXISTS `act_hi_varinst`;
CREATE TABLE `act_hi_varinst` (
  `ID_` varchar(64) COLLATE utf8_bin NOT NULL,
  `PROC_INST_ID_` varchar(64) COLLATE utf8_bin DEFAULT NULL,
  `EXECUTION_ID_` varchar(64) COLLATE utf8_bin DEFAULT NULL,
  `TASK_ID_` varchar(64) COLLATE utf8_bin DEFAULT NULL,
  `NAME_` varchar(255) COLLATE utf8_bin NOT NULL,
  `VAR_TYPE_` varchar(100) COLLATE utf8_bin DEFAULT NULL,
  `REV_` int(11) DEFAULT NULL,
  `BYTEARRAY_ID_` varchar(64) COLLATE utf8_bin DEFAULT NULL,
  `DOUBLE_` double DEFAULT NULL,
  `LONG_` bigint(20) DEFAULT NULL,
  `TEXT_` varchar(4000) COLLATE utf8_bin DEFAULT NULL,
  `TEXT2_` varchar(4000) COLLATE utf8_bin DEFAULT NULL,
  `CREATE_TIME_` datetime DEFAULT NULL,
  `LAST_UPDATED_TIME_` datetime DEFAULT NULL,
  PRIMARY KEY (`ID_`),
  KEY `ACT_IDX_HI_PROCVAR_PROC_INST` (`PROC_INST_ID_`),
  KEY `ACT_IDX_HI_PROCVAR_NAME_TYPE` (`NAME_`,`VAR_TYPE_`)
) ENGINE=InnoDB DEFAULT CHARSET=utf8 COLLATE=utf8_bin;

-- ----------------------------
-- Records of act_hi_varinst
-- ----------------------------
INSERT INTO `act_hi_varinst` VALUES ('11', '5', '5', null, 'loginacct', 'string', '1', null, null, null, 'zhangsan', null, '2019-12-31 23:20:19', '2020-01-01 17:46:49');
INSERT INTO `act_hi_varinst` VALUES ('13', '5', '5', null, 'authcode', 'serializable', '1', '14', null, null, null, null, '2019-12-31 23:20:19', '2020-01-01 17:46:49');
INSERT INTO `act_hi_varinst` VALUES ('16', '5', '5', null, 'passListener', 'serializable', '1', '17', null, null, null, null, '2019-12-31 23:20:19', '2020-01-01 17:46:49');
INSERT INTO `act_hi_varinst` VALUES ('201', '5', '5', null, 'flag', 'boolean', '1', null, null, '1', null, null, '2020-01-01 17:46:48', '2020-01-01 17:46:49');
INSERT INTO `act_hi_varinst` VALUES ('202', '5', '5', null, 'memberid', 'integer', '1', null, null, '1', '1', null, '2020-01-01 17:46:48', '2020-01-01 17:46:49');
INSERT INTO `act_hi_varinst` VALUES ('7', '5', '5', null, 'toEmail', 'string', '1', null, null, null, 'test@xw.com', null, '2019-12-31 23:20:19', '2020-01-01 17:46:49');
INSERT INTO `act_hi_varinst` VALUES ('9', '5', '5', null, 'refuseListener', 'serializable', '1', '10', null, null, null, null, '2019-12-31 23:20:19', '2020-01-01 17:46:49');

-- ----------------------------
-- Table structure for act_id_group
-- ----------------------------
DROP TABLE IF EXISTS `act_id_group`;
CREATE TABLE `act_id_group` (
  `ID_` varchar(64) COLLATE utf8_bin NOT NULL DEFAULT '',
  `REV_` int(11) DEFAULT NULL,
  `NAME_` varchar(255) COLLATE utf8_bin DEFAULT NULL,
  `TYPE_` varchar(255) COLLATE utf8_bin DEFAULT NULL,
  PRIMARY KEY (`ID_`)
) ENGINE=InnoDB DEFAULT CHARSET=utf8 COLLATE=utf8_bin;

-- ----------------------------
-- Records of act_id_group
-- ----------------------------

-- ----------------------------
-- Table structure for act_id_info
-- ----------------------------
DROP TABLE IF EXISTS `act_id_info`;
CREATE TABLE `act_id_info` (
  `ID_` varchar(64) COLLATE utf8_bin NOT NULL DEFAULT '',
  `REV_` int(11) DEFAULT NULL,
  `USER_ID_` varchar(64) COLLATE utf8_bin DEFAULT NULL,
  `TYPE_` varchar(64) COLLATE utf8_bin DEFAULT NULL,
  `KEY_` varchar(255) COLLATE utf8_bin DEFAULT NULL,
  `VALUE_` varchar(255) COLLATE utf8_bin DEFAULT NULL,
  `PASSWORD_` longblob,
  `PARENT_ID_` varchar(255) COLLATE utf8_bin DEFAULT NULL,
  PRIMARY KEY (`ID_`)
) ENGINE=InnoDB DEFAULT CHARSET=utf8 COLLATE=utf8_bin;

-- ----------------------------
-- Records of act_id_info
-- ----------------------------

-- ----------------------------
-- Table structure for act_id_membership
-- ----------------------------
DROP TABLE IF EXISTS `act_id_membership`;
CREATE TABLE `act_id_membership` (
  `USER_ID_` varchar(64) COLLATE utf8_bin NOT NULL DEFAULT '',
  `GROUP_ID_` varchar(64) COLLATE utf8_bin NOT NULL DEFAULT '',
  PRIMARY KEY (`USER_ID_`,`GROUP_ID_`),
  KEY `ACT_FK_MEMB_GROUP` (`GROUP_ID_`),
  CONSTRAINT `ACT_FK_MEMB_USER` FOREIGN KEY (`USER_ID_`) REFERENCES `act_id_user` (`ID_`),
  CONSTRAINT `ACT_FK_MEMB_GROUP` FOREIGN KEY (`GROUP_ID_`) REFERENCES `act_id_group` (`ID_`)
) ENGINE=InnoDB DEFAULT CHARSET=utf8 COLLATE=utf8_bin;

-- ----------------------------
-- Records of act_id_membership
-- ----------------------------

-- ----------------------------
-- Table structure for act_id_user
-- ----------------------------
DROP TABLE IF EXISTS `act_id_user`;
CREATE TABLE `act_id_user` (
  `ID_` varchar(64) COLLATE utf8_bin NOT NULL DEFAULT '',
  `REV_` int(11) DEFAULT NULL,
  `FIRST_` varchar(255) COLLATE utf8_bin DEFAULT NULL,
  `LAST_` varchar(255) COLLATE utf8_bin DEFAULT NULL,
  `EMAIL_` varchar(255) COLLATE utf8_bin DEFAULT NULL,
  `PWD_` varchar(255) COLLATE utf8_bin DEFAULT NULL,
  `PICTURE_ID_` varchar(64) COLLATE utf8_bin DEFAULT NULL,
  PRIMARY KEY (`ID_`)
) ENGINE=InnoDB DEFAULT CHARSET=utf8 COLLATE=utf8_bin;

-- ----------------------------
-- Records of act_id_user
-- ----------------------------

-- ----------------------------
-- Table structure for act_re_deployment
-- ----------------------------
DROP TABLE IF EXISTS `act_re_deployment`;
CREATE TABLE `act_re_deployment` (
  `ID_` varchar(64) COLLATE utf8_bin NOT NULL DEFAULT '',
  `NAME_` varchar(255) COLLATE utf8_bin DEFAULT NULL,
  `CATEGORY_` varchar(255) COLLATE utf8_bin DEFAULT NULL,
  `TENANT_ID_` varchar(255) COLLATE utf8_bin DEFAULT '',
  `DEPLOY_TIME_` timestamp NOT NULL DEFAULT CURRENT_TIMESTAMP ON UPDATE CURRENT_TIMESTAMP,
  PRIMARY KEY (`ID_`)
) ENGINE=InnoDB DEFAULT CHARSET=utf8 COLLATE=utf8_bin;

-- ----------------------------
-- Records of act_re_deployment
-- ----------------------------
INSERT INTO `act_re_deployment` VALUES ('1', null, null, '', '2019-12-31 23:18:42');

-- ----------------------------
-- Table structure for act_re_model
-- ----------------------------
DROP TABLE IF EXISTS `act_re_model`;
CREATE TABLE `act_re_model` (
  `ID_` varchar(64) COLLATE utf8_bin NOT NULL,
  `REV_` int(11) DEFAULT NULL,
  `NAME_` varchar(255) COLLATE utf8_bin DEFAULT NULL,
  `KEY_` varchar(255) COLLATE utf8_bin DEFAULT NULL,
  `CATEGORY_` varchar(255) COLLATE utf8_bin DEFAULT NULL,
  `CREATE_TIME_` timestamp NULL DEFAULT NULL,
  `LAST_UPDATE_TIME_` timestamp NULL DEFAULT NULL,
  `VERSION_` int(11) DEFAULT NULL,
  `META_INFO_` varchar(4000) COLLATE utf8_bin DEFAULT NULL,
  `DEPLOYMENT_ID_` varchar(64) COLLATE utf8_bin DEFAULT NULL,
  `EDITOR_SOURCE_VALUE_ID_` varchar(64) COLLATE utf8_bin DEFAULT NULL,
  `EDITOR_SOURCE_EXTRA_VALUE_ID_` varchar(64) COLLATE utf8_bin DEFAULT NULL,
  `TENANT_ID_` varchar(255) COLLATE utf8_bin DEFAULT '',
  PRIMARY KEY (`ID_`),
  KEY `ACT_FK_MODEL_SOURCE` (`EDITOR_SOURCE_VALUE_ID_`),
  KEY `ACT_FK_MODEL_SOURCE_EXTRA` (`EDITOR_SOURCE_EXTRA_VALUE_ID_`),
  KEY `ACT_FK_MODEL_DEPLOYMENT` (`DEPLOYMENT_ID_`),
  CONSTRAINT `ACT_FK_MODEL_DEPLOYMENT` FOREIGN KEY (`DEPLOYMENT_ID_`) REFERENCES `act_re_deployment` (`ID_`),
  CONSTRAINT `ACT_FK_MODEL_SOURCE` FOREIGN KEY (`EDITOR_SOURCE_VALUE_ID_`) REFERENCES `act_ge_bytearray` (`ID_`),
  CONSTRAINT `ACT_FK_MODEL_SOURCE_EXTRA` FOREIGN KEY (`EDITOR_SOURCE_EXTRA_VALUE_ID_`) REFERENCES `act_ge_bytearray` (`ID_`)
) ENGINE=InnoDB DEFAULT CHARSET=utf8 COLLATE=utf8_bin;

-- ----------------------------
-- Records of act_re_model
-- ----------------------------

-- ----------------------------
-- Table structure for act_re_procdef
-- ----------------------------
DROP TABLE IF EXISTS `act_re_procdef`;
CREATE TABLE `act_re_procdef` (
  `ID_` varchar(64) COLLATE utf8_bin NOT NULL,
  `REV_` int(11) DEFAULT NULL,
  `CATEGORY_` varchar(255) COLLATE utf8_bin DEFAULT NULL,
  `NAME_` varchar(255) COLLATE utf8_bin DEFAULT NULL,
  `KEY_` varchar(255) COLLATE utf8_bin NOT NULL,
  `VERSION_` int(11) NOT NULL,
  `DEPLOYMENT_ID_` varchar(64) COLLATE utf8_bin DEFAULT NULL,
  `RESOURCE_NAME_` varchar(4000) COLLATE utf8_bin DEFAULT NULL,
  `DGRM_RESOURCE_NAME_` varchar(4000) COLLATE utf8_bin DEFAULT NULL,
  `DESCRIPTION_` varchar(4000) COLLATE utf8_bin DEFAULT NULL,
  `HAS_START_FORM_KEY_` tinyint(4) DEFAULT NULL,
  `SUSPENSION_STATE_` int(11) DEFAULT NULL,
  `TENANT_ID_` varchar(255) COLLATE utf8_bin DEFAULT '',
  PRIMARY KEY (`ID_`),
  UNIQUE KEY `ACT_UNIQ_PROCDEF` (`KEY_`,`VERSION_`,`TENANT_ID_`)
) ENGINE=InnoDB DEFAULT CHARSET=utf8 COLLATE=utf8_bin;

-- ----------------------------
-- Records of act_re_procdef
-- ----------------------------
INSERT INTO `act_re_procdef` VALUES ('auth:1:4', '1', 'http://www.activiti.org/test', '实名认证审核流程', 'auth', '1', '1', 'auth.bpmn', 'auth.auth.png', null, '0', '1', '');

-- ----------------------------
-- Table structure for act_ru_event_subscr
-- ----------------------------
DROP TABLE IF EXISTS `act_ru_event_subscr`;
CREATE TABLE `act_ru_event_subscr` (
  `ID_` varchar(64) COLLATE utf8_bin NOT NULL,
  `REV_` int(11) DEFAULT NULL,
  `EVENT_TYPE_` varchar(255) COLLATE utf8_bin NOT NULL,
  `EVENT_NAME_` varchar(255) COLLATE utf8_bin DEFAULT NULL,
  `EXECUTION_ID_` varchar(64) COLLATE utf8_bin DEFAULT NULL,
  `PROC_INST_ID_` varchar(64) COLLATE utf8_bin DEFAULT NULL,
  `ACTIVITY_ID_` varchar(64) COLLATE utf8_bin DEFAULT NULL,
  `CONFIGURATION_` varchar(255) COLLATE utf8_bin DEFAULT NULL,
  `CREATED_` timestamp NOT NULL DEFAULT CURRENT_TIMESTAMP,
  `PROC_DEF_ID_` varchar(64) COLLATE utf8_bin DEFAULT NULL,
  `TENANT_ID_` varchar(255) COLLATE utf8_bin DEFAULT '',
  PRIMARY KEY (`ID_`),
  KEY `ACT_IDX_EVENT_SUBSCR_CONFIG_` (`CONFIGURATION_`),
  KEY `ACT_FK_EVENT_EXEC` (`EXECUTION_ID_`),
  CONSTRAINT `ACT_FK_EVENT_EXEC` FOREIGN KEY (`EXECUTION_ID_`) REFERENCES `act_ru_execution` (`ID_`)
) ENGINE=InnoDB DEFAULT CHARSET=utf8 COLLATE=utf8_bin;

-- ----------------------------
-- Records of act_ru_event_subscr
-- ----------------------------

-- ----------------------------
-- Table structure for act_ru_execution
-- ----------------------------
DROP TABLE IF EXISTS `act_ru_execution`;
CREATE TABLE `act_ru_execution` (
  `ID_` varchar(64) COLLATE utf8_bin NOT NULL DEFAULT '',
  `REV_` int(11) DEFAULT NULL,
  `PROC_INST_ID_` varchar(64) COLLATE utf8_bin DEFAULT NULL,
  `BUSINESS_KEY_` varchar(255) COLLATE utf8_bin DEFAULT NULL,
  `PARENT_ID_` varchar(64) COLLATE utf8_bin DEFAULT NULL,
  `PROC_DEF_ID_` varchar(64) COLLATE utf8_bin DEFAULT NULL,
  `SUPER_EXEC_` varchar(64) COLLATE utf8_bin DEFAULT NULL,
  `ACT_ID_` varchar(255) COLLATE utf8_bin DEFAULT NULL,
  `IS_ACTIVE_` tinyint(4) DEFAULT NULL,
  `IS_CONCURRENT_` tinyint(4) DEFAULT NULL,
  `IS_SCOPE_` tinyint(4) DEFAULT NULL,
  `IS_EVENT_SCOPE_` tinyint(4) DEFAULT NULL,
  `SUSPENSION_STATE_` int(11) DEFAULT NULL,
  `CACHED_ENT_STATE_` int(11) DEFAULT NULL,
  `TENANT_ID_` varchar(255) COLLATE utf8_bin DEFAULT '',
  PRIMARY KEY (`ID_`),
  KEY `ACT_IDX_EXEC_BUSKEY` (`BUSINESS_KEY_`),
  KEY `ACT_FK_EXE_PROCINST` (`PROC_INST_ID_`),
  KEY `ACT_FK_EXE_PARENT` (`PARENT_ID_`),
  KEY `ACT_FK_EXE_SUPER` (`SUPER_EXEC_`),
  KEY `ACT_FK_EXE_PROCDEF` (`PROC_DEF_ID_`),
  CONSTRAINT `ACT_FK_EXE_PROCDEF` FOREIGN KEY (`PROC_DEF_ID_`) REFERENCES `act_re_procdef` (`ID_`),
  CONSTRAINT `ACT_FK_EXE_PARENT` FOREIGN KEY (`PARENT_ID_`) REFERENCES `act_ru_execution` (`ID_`),
  CONSTRAINT `ACT_FK_EXE_PROCINST` FOREIGN KEY (`PROC_INST_ID_`) REFERENCES `act_ru_execution` (`ID_`) ON DELETE CASCADE ON UPDATE CASCADE,
  CONSTRAINT `ACT_FK_EXE_SUPER` FOREIGN KEY (`SUPER_EXEC_`) REFERENCES `act_ru_execution` (`ID_`)
) ENGINE=InnoDB DEFAULT CHARSET=utf8 COLLATE=utf8_bin;

-- ----------------------------
-- Records of act_ru_execution
-- ----------------------------

-- ----------------------------
-- Table structure for act_ru_identitylink
-- ----------------------------
DROP TABLE IF EXISTS `act_ru_identitylink`;
CREATE TABLE `act_ru_identitylink` (
  `ID_` varchar(64) COLLATE utf8_bin NOT NULL DEFAULT '',
  `REV_` int(11) DEFAULT NULL,
  `GROUP_ID_` varchar(255) COLLATE utf8_bin DEFAULT NULL,
  `TYPE_` varchar(255) COLLATE utf8_bin DEFAULT NULL,
  `USER_ID_` varchar(255) COLLATE utf8_bin DEFAULT NULL,
  `TASK_ID_` varchar(64) COLLATE utf8_bin DEFAULT NULL,
  `PROC_INST_ID_` varchar(64) COLLATE utf8_bin DEFAULT NULL,
  `PROC_DEF_ID_` varchar(64) COLLATE utf8_bin DEFAULT NULL,
  PRIMARY KEY (`ID_`),
  KEY `ACT_IDX_IDENT_LNK_USER` (`USER_ID_`),
  KEY `ACT_IDX_IDENT_LNK_GROUP` (`GROUP_ID_`),
  KEY `ACT_IDX_ATHRZ_PROCEDEF` (`PROC_DEF_ID_`),
  KEY `ACT_FK_TSKASS_TASK` (`TASK_ID_`),
  KEY `ACT_FK_IDL_PROCINST` (`PROC_INST_ID_`),
  CONSTRAINT `ACT_FK_IDL_PROCINST` FOREIGN KEY (`PROC_INST_ID_`) REFERENCES `act_ru_execution` (`ID_`),
  CONSTRAINT `ACT_FK_ATHRZ_PROCEDEF` FOREIGN KEY (`PROC_DEF_ID_`) REFERENCES `act_re_procdef` (`ID_`),
  CONSTRAINT `ACT_FK_TSKASS_TASK` FOREIGN KEY (`TASK_ID_`) REFERENCES `act_ru_task` (`ID_`)
) ENGINE=InnoDB DEFAULT CHARSET=utf8 COLLATE=utf8_bin;

-- ----------------------------
-- Records of act_ru_identitylink
-- ----------------------------

-- ----------------------------
-- Table structure for act_ru_job
-- ----------------------------
DROP TABLE IF EXISTS `act_ru_job`;
CREATE TABLE `act_ru_job` (
  `ID_` varchar(64) COLLATE utf8_bin NOT NULL,
  `REV_` int(11) DEFAULT NULL,
  `TYPE_` varchar(255) COLLATE utf8_bin NOT NULL,
  `LOCK_EXP_TIME_` timestamp NULL DEFAULT NULL,
  `LOCK_OWNER_` varchar(255) COLLATE utf8_bin DEFAULT NULL,
  `EXCLUSIVE_` tinyint(1) DEFAULT NULL,
  `EXECUTION_ID_` varchar(64) COLLATE utf8_bin DEFAULT NULL,
  `PROCESS_INSTANCE_ID_` varchar(64) COLLATE utf8_bin DEFAULT NULL,
  `PROC_DEF_ID_` varchar(64) COLLATE utf8_bin DEFAULT NULL,
  `RETRIES_` int(11) DEFAULT NULL,
  `EXCEPTION_STACK_ID_` varchar(64) COLLATE utf8_bin DEFAULT NULL,
  `EXCEPTION_MSG_` varchar(4000) COLLATE utf8_bin DEFAULT NULL,
  `DUEDATE_` timestamp NULL DEFAULT NULL,
  `REPEAT_` varchar(255) COLLATE utf8_bin DEFAULT NULL,
  `HANDLER_TYPE_` varchar(255) COLLATE utf8_bin DEFAULT NULL,
  `HANDLER_CFG_` varchar(4000) COLLATE utf8_bin DEFAULT NULL,
  `TENANT_ID_` varchar(255) COLLATE utf8_bin DEFAULT '',
  PRIMARY KEY (`ID_`),
  KEY `ACT_FK_JOB_EXCEPTION` (`EXCEPTION_STACK_ID_`),
  CONSTRAINT `ACT_FK_JOB_EXCEPTION` FOREIGN KEY (`EXCEPTION_STACK_ID_`) REFERENCES `act_ge_bytearray` (`ID_`)
) ENGINE=InnoDB DEFAULT CHARSET=utf8 COLLATE=utf8_bin;

-- ----------------------------
-- Records of act_ru_job
-- ----------------------------

-- ----------------------------
-- Table structure for act_ru_task
-- ----------------------------
DROP TABLE IF EXISTS `act_ru_task`;
CREATE TABLE `act_ru_task` (
  `ID_` varchar(64) COLLATE utf8_bin NOT NULL DEFAULT '',
  `REV_` int(11) DEFAULT NULL,
  `EXECUTION_ID_` varchar(64) COLLATE utf8_bin DEFAULT NULL,
  `PROC_INST_ID_` varchar(64) COLLATE utf8_bin DEFAULT NULL,
  `PROC_DEF_ID_` varchar(64) COLLATE utf8_bin DEFAULT NULL,
  `NAME_` varchar(255) COLLATE utf8_bin DEFAULT NULL,
  `PARENT_TASK_ID_` varchar(64) COLLATE utf8_bin DEFAULT NULL,
  `DESCRIPTION_` varchar(4000) COLLATE utf8_bin DEFAULT NULL,
  `TASK_DEF_KEY_` varchar(255) COLLATE utf8_bin DEFAULT NULL,
  `OWNER_` varchar(255) COLLATE utf8_bin DEFAULT NULL,
  `ASSIGNEE_` varchar(255) COLLATE utf8_bin DEFAULT NULL,
  `DELEGATION_` varchar(64) COLLATE utf8_bin DEFAULT NULL,
  `PRIORITY_` int(11) DEFAULT NULL,
  `CREATE_TIME_` timestamp NOT NULL DEFAULT CURRENT_TIMESTAMP ON UPDATE CURRENT_TIMESTAMP,
  `DUE_DATE_` datetime DEFAULT NULL,
  `CATEGORY_` varchar(255) COLLATE utf8_bin DEFAULT NULL,
  `SUSPENSION_STATE_` int(11) DEFAULT NULL,
  `TENANT_ID_` varchar(255) COLLATE utf8_bin DEFAULT '',
  PRIMARY KEY (`ID_`),
  KEY `ACT_IDX_TASK_CREATE` (`CREATE_TIME_`),
  KEY `ACT_FK_TASK_EXE` (`EXECUTION_ID_`),
  KEY `ACT_FK_TASK_PROCINST` (`PROC_INST_ID_`),
  KEY `ACT_FK_TASK_PROCDEF` (`PROC_DEF_ID_`),
  CONSTRAINT `ACT_FK_TASK_PROCDEF` FOREIGN KEY (`PROC_DEF_ID_`) REFERENCES `act_re_procdef` (`ID_`),
  CONSTRAINT `ACT_FK_TASK_EXE` FOREIGN KEY (`EXECUTION_ID_`) REFERENCES `act_ru_execution` (`ID_`),
  CONSTRAINT `ACT_FK_TASK_PROCINST` FOREIGN KEY (`PROC_INST_ID_`) REFERENCES `act_ru_execution` (`ID_`)
) ENGINE=InnoDB DEFAULT CHARSET=utf8 COLLATE=utf8_bin;

-- ----------------------------
-- Records of act_ru_task
-- ----------------------------

-- ----------------------------
-- Table structure for act_ru_variable
-- ----------------------------
DROP TABLE IF EXISTS `act_ru_variable`;
CREATE TABLE `act_ru_variable` (
  `ID_` varchar(64) COLLATE utf8_bin NOT NULL,
  `REV_` int(11) DEFAULT NULL,
  `TYPE_` varchar(255) COLLATE utf8_bin NOT NULL,
  `NAME_` varchar(255) COLLATE utf8_bin NOT NULL,
  `EXECUTION_ID_` varchar(64) COLLATE utf8_bin DEFAULT NULL,
  `PROC_INST_ID_` varchar(64) COLLATE utf8_bin DEFAULT NULL,
  `TASK_ID_` varchar(64) COLLATE utf8_bin DEFAULT NULL,
  `BYTEARRAY_ID_` varchar(64) COLLATE utf8_bin DEFAULT NULL,
  `DOUBLE_` double DEFAULT NULL,
  `LONG_` bigint(20) DEFAULT NULL,
  `TEXT_` varchar(4000) COLLATE utf8_bin DEFAULT NULL,
  `TEXT2_` varchar(4000) COLLATE utf8_bin DEFAULT NULL,
  PRIMARY KEY (`ID_`),
  KEY `ACT_IDX_VARIABLE_TASK_ID` (`TASK_ID_`),
  KEY `ACT_FK_VAR_EXE` (`EXECUTION_ID_`),
  KEY `ACT_FK_VAR_PROCINST` (`PROC_INST_ID_`),
  KEY `ACT_FK_VAR_BYTEARRAY` (`BYTEARRAY_ID_`),
  CONSTRAINT `ACT_FK_VAR_BYTEARRAY` FOREIGN KEY (`BYTEARRAY_ID_`) REFERENCES `act_ge_bytearray` (`ID_`),
  CONSTRAINT `ACT_FK_VAR_EXE` FOREIGN KEY (`EXECUTION_ID_`) REFERENCES `act_ru_execution` (`ID_`),
  CONSTRAINT `ACT_FK_VAR_PROCINST` FOREIGN KEY (`PROC_INST_ID_`) REFERENCES `act_ru_execution` (`ID_`)
) ENGINE=InnoDB DEFAULT CHARSET=utf8 COLLATE=utf8_bin;

-- ----------------------------
-- Records of act_ru_variable
-- ----------------------------

-- ----------------------------
-- Table structure for t_account_type_cert
-- ----------------------------
DROP TABLE IF EXISTS `t_account_type_cert`;
CREATE TABLE `t_account_type_cert` (
  `id` int(11) NOT NULL AUTO_INCREMENT,
  `accttype` char(1) DEFAULT NULL,
  `certid` int(11) DEFAULT NULL,
  PRIMARY KEY (`id`)
) ENGINE=InnoDB AUTO_INCREMENT=15 DEFAULT CHARSET=utf8;

-- ----------------------------
-- Records of t_account_type_cert
-- ----------------------------
INSERT INTO `t_account_type_cert` VALUES ('5', '0', '1');
INSERT INTO `t_account_type_cert` VALUES ('6', '0', '2');
INSERT INTO `t_account_type_cert` VALUES ('7', '0', '3');
INSERT INTO `t_account_type_cert` VALUES ('8', '0', '5');
INSERT INTO `t_account_type_cert` VALUES ('9', '2', '6');
INSERT INTO `t_account_type_cert` VALUES ('10', '2', '7');
INSERT INTO `t_account_type_cert` VALUES ('11', '1', '6');
INSERT INTO `t_account_type_cert` VALUES ('12', '1', '1');
INSERT INTO `t_account_type_cert` VALUES ('13', '3', '4');
INSERT INTO `t_account_type_cert` VALUES ('14', '3', '5');

-- ----------------------------
-- Table structure for t_advertisement
-- ----------------------------
DROP TABLE IF EXISTS `t_advertisement`;
CREATE TABLE `t_advertisement` (
  `id` int(11) NOT NULL AUTO_INCREMENT,
  `name` varchar(255) DEFAULT NULL,
  `iconpath` varchar(255) DEFAULT NULL,
  `status` char(1) DEFAULT NULL COMMENT '0 - 草稿， 1 - 未审核， 2 - 审核完成， 3 - 发布',
  `url` varchar(255) DEFAULT NULL,
  `userid` int(11) DEFAULT NULL,
  PRIMARY KEY (`id`)
) ENGINE=InnoDB AUTO_INCREMENT=133 DEFAULT CHARSET=utf8;

-- ----------------------------
-- Records of t_advertisement
-- ----------------------------
INSERT INTO `t_advertisement` VALUES ('131', 'we', '48958e65-a393-438b-a71a-b56727022491.jpg', '1', 'lll', '18');
INSERT INTO `t_advertisement` VALUES ('132', '111', '0f9d24c1-3a5c-44ff-9c62-87ed0e0ef047.jpg', '1', '111', '18');

-- ----------------------------
-- Table structure for t_cert
-- ----------------------------
DROP TABLE IF EXISTS `t_cert`;
CREATE TABLE `t_cert` (
  `id` int(11) NOT NULL AUTO_INCREMENT,
  `name` varchar(255) DEFAULT NULL,
  PRIMARY KEY (`id`)
) ENGINE=InnoDB AUTO_INCREMENT=8 DEFAULT CHARSET=utf8;

-- ----------------------------
-- Records of t_cert
-- ----------------------------
INSERT INTO `t_cert` VALUES ('1', '营业执照副本');
INSERT INTO `t_cert` VALUES ('2', '税务登记证');
INSERT INTO `t_cert` VALUES ('3', '组织机构代码证');
INSERT INTO `t_cert` VALUES ('4', '单位登记证件');
INSERT INTO `t_cert` VALUES ('5', '	法定代表人证件');
INSERT INTO `t_cert` VALUES ('6', '经营者证件');
INSERT INTO `t_cert` VALUES ('7', '手执身份证照片');

-- ----------------------------
-- Table structure for t_dictionary
-- ----------------------------
DROP TABLE IF EXISTS `t_dictionary`;
CREATE TABLE `t_dictionary` (
  `id` int(11) NOT NULL AUTO_INCREMENT,
  `name` varchar(255) DEFAULT NULL,
  `code` varchar(255) DEFAULT NULL,
  `subcode` varchar(255) DEFAULT NULL,
  `val` varchar(255) DEFAULT NULL,
  PRIMARY KEY (`id`)
) ENGINE=InnoDB AUTO_INCREMENT=10 DEFAULT CHARSET=utf8;

-- ----------------------------
-- Records of t_dictionary
-- ----------------------------
INSERT INTO `t_dictionary` VALUES ('1', '性别', 'sex', '男', '0');
INSERT INTO `t_dictionary` VALUES ('2', '性别', 'sex', '女', '1');
INSERT INTO `t_dictionary` VALUES ('3', '实名认证状态', 'authstatus', '未实名认证', '0');
INSERT INTO `t_dictionary` VALUES ('4', '实名认证状态', 'authstatus', '实名认证审核中', '1');
INSERT INTO `t_dictionary` VALUES ('5', '实名认证状态', 'authstatus', '已实名认证', '2');
INSERT INTO `t_dictionary` VALUES ('6', '账户类型', 'accttype', '企业', '0');
INSERT INTO `t_dictionary` VALUES ('7', '账户类型', 'accttype', '个体', '1');
INSERT INTO `t_dictionary` VALUES ('8', '账户类型', 'accttype', '个人', '2');
INSERT INTO `t_dictionary` VALUES ('9', '账户类型', 'accttype', '政府', '3');

-- ----------------------------
-- Table structure for t_member
-- ----------------------------
DROP TABLE IF EXISTS `t_member`;
CREATE TABLE `t_member` (
  `id` int(11) NOT NULL AUTO_INCREMENT,
  `loginacct` varchar(255) NOT NULL,
  `userpswd` char(32) NOT NULL,
  `username` varchar(255) NOT NULL,
  `email` varchar(255) NOT NULL,
  `authstatus` char(1) NOT NULL COMMENT '实名认证状态 0 - 未实名认证， 1 - 实名认证申请中， 2 - 已实名认证',
  `usertype` char(1) NOT NULL COMMENT ' 0 - 个人， 1 - 企业',
  `realname` varchar(255) DEFAULT NULL,
  `cardnum` varchar(255) DEFAULT NULL,
  `accttype` char(1) DEFAULT NULL COMMENT '0 - 企业， 1 - 个体， 2 - 个人， 3 - 政府',
  `tel` varchar(11) DEFAULT NULL,
  PRIMARY KEY (`id`)
) ENGINE=InnoDB AUTO_INCREMENT=2 DEFAULT CHARSET=utf8;

-- ----------------------------
-- Records of t_member
-- ----------------------------
INSERT INTO `t_member` VALUES ('1', 'zhangsan', '202cb962ac59075b964b07152d234b70', '张三', 'test@xw.com', '2', '0', '张三', '44080319990617', '2', '19635844685');

-- ----------------------------
-- Table structure for t_member_address
-- ----------------------------
DROP TABLE IF EXISTS `t_member_address`;
CREATE TABLE `t_member_address` (
  `id` int(11) NOT NULL AUTO_INCREMENT,
  `memberid` int(11) DEFAULT NULL,
  `address` varchar(255) DEFAULT NULL,
  PRIMARY KEY (`id`)
) ENGINE=InnoDB DEFAULT CHARSET=utf8;

-- ----------------------------
-- Records of t_member_address
-- ----------------------------

-- ----------------------------
-- Table structure for t_member_cert
-- ----------------------------
DROP TABLE IF EXISTS `t_member_cert`;
CREATE TABLE `t_member_cert` (
  `id` int(11) NOT NULL AUTO_INCREMENT,
  `memberid` int(11) DEFAULT NULL,
  `certid` int(11) DEFAULT NULL,
  `iconpath` varchar(255) DEFAULT NULL,
  PRIMARY KEY (`id`)
) ENGINE=InnoDB AUTO_INCREMENT=5 DEFAULT CHARSET=utf8;

-- ----------------------------
-- Records of t_member_cert
-- ----------------------------
INSERT INTO `t_member_cert` VALUES ('3', '1', '6', '01e81452-d0fb-4129-9d28-718a03139751.jpg');
INSERT INTO `t_member_cert` VALUES ('4', '1', '7', '61bd7d0a-a3eb-48c6-9c73-4c828d4c494c.jpg');

-- ----------------------------
-- Table structure for t_member_project_follow
-- ----------------------------
DROP TABLE IF EXISTS `t_member_project_follow`;
CREATE TABLE `t_member_project_follow` (
  `id` int(11) NOT NULL AUTO_INCREMENT,
  `projectid` int(11) DEFAULT NULL,
  `memberid` int(11) DEFAULT NULL,
  PRIMARY KEY (`id`)
) ENGINE=InnoDB DEFAULT CHARSET=utf8;

-- ----------------------------
-- Records of t_member_project_follow
-- ----------------------------

-- ----------------------------
-- Table structure for t_message
-- ----------------------------
DROP TABLE IF EXISTS `t_message`;
CREATE TABLE `t_message` (
  `id` int(11) NOT NULL AUTO_INCREMENT,
  `memberid` int(11) DEFAULT NULL,
  `content` varchar(255) DEFAULT NULL,
  `senddate` char(19) DEFAULT NULL,
  PRIMARY KEY (`id`)
) ENGINE=InnoDB DEFAULT CHARSET=utf8;

-- ----------------------------
-- Records of t_message
-- ----------------------------

-- ----------------------------
-- Table structure for t_order
-- ----------------------------
DROP TABLE IF EXISTS `t_order`;
CREATE TABLE `t_order` (
  `id` int(11) NOT NULL AUTO_INCREMENT,
  `memberid` int(11) DEFAULT NULL,
  `projectid` int(11) DEFAULT NULL,
  `returnid` int(11) DEFAULT NULL,
  `ordernum` varchar(255) DEFAULT NULL,
  `createdate` char(19) DEFAULT NULL,
  `money` int(11) DEFAULT NULL,
  `rtncount` int(11) DEFAULT NULL,
  `status` char(1) DEFAULT NULL COMMENT '0 - 待付款， 1 - 交易完成， 9 - 交易关闭',
  `address` varchar(255) DEFAULT NULL,
  `invoice` char(1) DEFAULT NULL COMMENT '0 - 不开发票， 1 - 开发票',
  `invoictitle` varchar(255) DEFAULT NULL,
  `remark` varchar(255) DEFAULT NULL,
  PRIMARY KEY (`id`)
) ENGINE=InnoDB DEFAULT CHARSET=utf8;

-- ----------------------------
-- Records of t_order
-- ----------------------------

-- ----------------------------
-- Table structure for t_param
-- ----------------------------
DROP TABLE IF EXISTS `t_param`;
CREATE TABLE `t_param` (
  `id` int(11) NOT NULL AUTO_INCREMENT,
  `name` varchar(255) DEFAULT NULL,
  `code` varchar(255) DEFAULT NULL,
  `val` varchar(255) DEFAULT NULL,
  PRIMARY KEY (`id`)
) ENGINE=InnoDB AUTO_INCREMENT=3 DEFAULT CHARSET=utf8;

-- ----------------------------
-- Records of t_param
-- ----------------------------
INSERT INTO `t_param` VALUES ('1', '项目列表显示数量', 'project-list-size', '12');
INSERT INTO `t_param` VALUES ('2', '首页项目显示数量', 'home-project-list-size', '4');

-- ----------------------------
-- Table structure for t_permission
-- ----------------------------
DROP TABLE IF EXISTS `t_permission`;
CREATE TABLE `t_permission` (
  `id` int(11) NOT NULL AUTO_INCREMENT,
  `pid` int(11) DEFAULT NULL,
  `name` varchar(255) DEFAULT NULL,
  `icon` varchar(255) DEFAULT NULL,
  `url` varchar(255) DEFAULT NULL,
  PRIMARY KEY (`id`)
) ENGINE=InnoDB AUTO_INCREMENT=27 DEFAULT CHARSET=utf8;

-- ----------------------------
-- Records of t_permission
-- ----------------------------
INSERT INTO `t_permission` VALUES ('1', null, '系统权限菜单', 'glyphicon glyphicon-th-list', null);
INSERT INTO `t_permission` VALUES ('2', '1', '控制面板', 'glyphicon glyphicon-dashboard', 'main.htm');
INSERT INTO `t_permission` VALUES ('3', '1', '权限管理', 'glyphicon glyphicon glyphicon-tasks', null);
INSERT INTO `t_permission` VALUES ('4', '3', '用户维护', 'glyphicon glyphicon-user', 'user/index.htm');
INSERT INTO `t_permission` VALUES ('5', '3', '角色维护', 'glyphicon glyphicon-king', 'role/index.htm');
INSERT INTO `t_permission` VALUES ('6', '3', '许可维护', 'glyphicon glyphicon-lock', 'permission/index.htm');
INSERT INTO `t_permission` VALUES ('7', '1', '业务审核', 'glyphicon glyphicon-ok', null);
INSERT INTO `t_permission` VALUES ('8', '7', '实名认证审核', 'glyphicon glyphicon-check', 'authcert/index.htm');
INSERT INTO `t_permission` VALUES ('9', '7', '广告审核', 'glyphicon glyphicon-check', 'auth_adv/index.htm');
INSERT INTO `t_permission` VALUES ('10', '7', '项目审核', 'glyphicon glyphicon-check', 'auth_project/index.htm');
INSERT INTO `t_permission` VALUES ('11', '1', '业务管理', 'glyphicon glyphicon-th-large', null);
INSERT INTO `t_permission` VALUES ('12', '11', '资质维护', 'glyphicon glyphicon-picture', 'cert/index.htm');
INSERT INTO `t_permission` VALUES ('13', '11', '分类管理', 'glyphicon glyphicon-equalizer', 'certtype/index.htm');
INSERT INTO `t_permission` VALUES ('14', '11', '流程管理', 'glyphicon glyphicon-random', 'process/index.htm');
INSERT INTO `t_permission` VALUES ('15', '11', '广告管理', 'glyphicon glyphicon-hdd', 'advert/index.htm');
INSERT INTO `t_permission` VALUES ('16', '11', '消息模板', 'glyphicon glyphicon-comment', 'message/index.htm');
INSERT INTO `t_permission` VALUES ('17', '11', '项目分类', 'glyphicon glyphicon-list', 'projectType/index.htm');
INSERT INTO `t_permission` VALUES ('18', '11', '项目标签', 'glyphicon glyphicon-tags', 'tag/index.htm');
INSERT INTO `t_permission` VALUES ('19', '1', '参数管理', 'glyphicon glyphicon-list-alt', 'param/index.htm');

-- ----------------------------
-- Table structure for t_project
-- ----------------------------
DROP TABLE IF EXISTS `t_project`;
CREATE TABLE `t_project` (
  `id` int(11) NOT NULL AUTO_INCREMENT,
  `name` varchar(255) DEFAULT NULL,
  `remark` varchar(255) DEFAULT NULL,
  `money` bigint(11) DEFAULT NULL,
  `day` int(11) DEFAULT NULL,
  `status` char(1) DEFAULT NULL COMMENT '0 - 即将开始， 1 - 众筹中， 2 - 众筹成功， 3 - 众筹失败',
  `deploydate` char(10) DEFAULT NULL,
  `supportmoney` bigint(11) DEFAULT NULL,
  `supporter` int(11) DEFAULT NULL,
  `completion` int(3) DEFAULT NULL,
  `memberid` int(11) DEFAULT NULL,
  `createdate` char(19) DEFAULT NULL,
  `follower` int(11) DEFAULT NULL,
  PRIMARY KEY (`id`)
) ENGINE=InnoDB DEFAULT CHARSET=utf8;

-- ----------------------------
-- Records of t_project
-- ----------------------------

-- ----------------------------
-- Table structure for t_project_tag
-- ----------------------------
DROP TABLE IF EXISTS `t_project_tag`;
CREATE TABLE `t_project_tag` (
  `id` int(11) NOT NULL AUTO_INCREMENT,
  `projectid` int(11) DEFAULT NULL,
  `tagid` int(11) DEFAULT NULL,
  PRIMARY KEY (`id`),
  KEY `FK_Reference_7` (`projectid`),
  KEY `FK_Reference_8` (`tagid`),
  CONSTRAINT `FK_Reference_7` FOREIGN KEY (`projectid`) REFERENCES `t_project` (`id`),
  CONSTRAINT `FK_Reference_8` FOREIGN KEY (`tagid`) REFERENCES `t_tag` (`id`)
) ENGINE=InnoDB DEFAULT CHARSET=utf8;

-- ----------------------------
-- Records of t_project_tag
-- ----------------------------

-- ----------------------------
-- Table structure for t_project_type
-- ----------------------------
DROP TABLE IF EXISTS `t_project_type`;
CREATE TABLE `t_project_type` (
  `id` int(11) NOT NULL AUTO_INCREMENT,
  `projectid` int(11) DEFAULT NULL,
  `typeid` int(11) DEFAULT NULL,
  PRIMARY KEY (`id`),
  KEY `FK_Reference_5` (`projectid`),
  KEY `FK_Reference_6` (`typeid`),
  CONSTRAINT `FK_Reference_5` FOREIGN KEY (`projectid`) REFERENCES `t_project` (`id`),
  CONSTRAINT `FK_Reference_6` FOREIGN KEY (`typeid`) REFERENCES `t_type` (`id`)
) ENGINE=InnoDB DEFAULT CHARSET=utf8;

-- ----------------------------
-- Records of t_project_type
-- ----------------------------

-- ----------------------------
-- Table structure for t_return
-- ----------------------------
DROP TABLE IF EXISTS `t_return`;
CREATE TABLE `t_return` (
  `id` int(11) NOT NULL AUTO_INCREMENT,
  `projectid` int(11) DEFAULT NULL,
  `type` char(1) DEFAULT NULL COMMENT '0 - 实物回报， 1 虚拟物品回报',
  `supportmoney` int(11) DEFAULT NULL,
  `content` varchar(255) DEFAULT NULL,
  `count` int(11) DEFAULT NULL COMMENT '“0”为不限回报数量',
  `signalpurchase` int(11) DEFAULT NULL,
  `purchase` int(11) DEFAULT NULL,
  `freight` int(11) DEFAULT NULL,
  `invoice` char(1) DEFAULT NULL COMMENT '0 - 不开发票， 1 - 开发票',
  `rtndate` int(11) DEFAULT NULL,
  PRIMARY KEY (`id`)
) ENGINE=InnoDB DEFAULT CHARSET=utf8;

-- ----------------------------
-- Records of t_return
-- ----------------------------

-- ----------------------------
-- Table structure for t_role
-- ----------------------------
DROP TABLE IF EXISTS `t_role`;
CREATE TABLE `t_role` (
  `id` int(11) NOT NULL AUTO_INCREMENT,
  `name` varchar(255) DEFAULT NULL,
  PRIMARY KEY (`id`)
) ENGINE=InnoDB AUTO_INCREMENT=15 DEFAULT CHARSET=utf8;

-- ----------------------------
-- Records of t_role
-- ----------------------------
INSERT INTO `t_role` VALUES ('1', 'PM - 项目经理');
INSERT INTO `t_role` VALUES ('2', '	SE - 软件工程师');
INSERT INTO `t_role` VALUES ('3', 'PG - 程序员');
INSERT INTO `t_role` VALUES ('4', 'TL - 组长');
INSERT INTO `t_role` VALUES ('5', 'GL - 组长');
INSERT INTO `t_role` VALUES ('6', 'QA - 品质保证');
INSERT INTO `t_role` VALUES ('7', 'QC - 品质控制');
INSERT INTO `t_role` VALUES ('8', '	SA - 软件架构师');
INSERT INTO `t_role` VALUES ('9', '	CMO / CMS - 配置管理员');
INSERT INTO `t_role` VALUES ('11', '222');
INSERT INTO `t_role` VALUES ('12', '333');
INSERT INTO `t_role` VALUES ('13', '222222');

-- ----------------------------
-- Table structure for t_role_permission
-- ----------------------------
DROP TABLE IF EXISTS `t_role_permission`;
CREATE TABLE `t_role_permission` (
  `id` int(11) NOT NULL AUTO_INCREMENT,
  `roleid` int(11) DEFAULT NULL,
  `permissionid` int(11) DEFAULT NULL,
  PRIMARY KEY (`id`),
  KEY `FK_Reference_3` (`roleid`),
  KEY `FK_Reference_4` (`permissionid`),
  CONSTRAINT `FK_Reference_3` FOREIGN KEY (`roleid`) REFERENCES `t_role` (`id`),
  CONSTRAINT `FK_Reference_4` FOREIGN KEY (`permissionid`) REFERENCES `t_permission` (`id`)
) ENGINE=InnoDB AUTO_INCREMENT=168 DEFAULT CHARSET=utf8;

-- ----------------------------
-- Records of t_role_permission
-- ----------------------------
INSERT INTO `t_role_permission` VALUES ('38', '2', '1');
INSERT INTO `t_role_permission` VALUES ('39', '2', '2');
INSERT INTO `t_role_permission` VALUES ('40', '2', '4');
INSERT INTO `t_role_permission` VALUES ('41', '2', '5');
INSERT INTO `t_role_permission` VALUES ('42', '2', '6');
INSERT INTO `t_role_permission` VALUES ('85', '4', '1');
INSERT INTO `t_role_permission` VALUES ('86', '4', '2');
INSERT INTO `t_role_permission` VALUES ('87', '4', '11');
INSERT INTO `t_role_permission` VALUES ('88', '4', '12');
INSERT INTO `t_role_permission` VALUES ('89', '4', '13');
INSERT INTO `t_role_permission` VALUES ('90', '4', '14');
INSERT INTO `t_role_permission` VALUES ('91', '4', '15');
INSERT INTO `t_role_permission` VALUES ('92', '4', '16');
INSERT INTO `t_role_permission` VALUES ('93', '4', '17');
INSERT INTO `t_role_permission` VALUES ('94', '4', '18');
INSERT INTO `t_role_permission` VALUES ('95', '5', '1');
INSERT INTO `t_role_permission` VALUES ('96', '5', '2');
INSERT INTO `t_role_permission` VALUES ('97', '5', '11');
INSERT INTO `t_role_permission` VALUES ('98', '5', '12');
INSERT INTO `t_role_permission` VALUES ('99', '5', '13');
INSERT INTO `t_role_permission` VALUES ('100', '5', '14');
INSERT INTO `t_role_permission` VALUES ('101', '5', '15');
INSERT INTO `t_role_permission` VALUES ('102', '5', '16');
INSERT INTO `t_role_permission` VALUES ('103', '5', '17');
INSERT INTO `t_role_permission` VALUES ('104', '5', '18');
INSERT INTO `t_role_permission` VALUES ('105', '5', '19');
INSERT INTO `t_role_permission` VALUES ('106', '6', '1');
INSERT INTO `t_role_permission` VALUES ('107', '6', '2');
INSERT INTO `t_role_permission` VALUES ('108', '8', '1');
INSERT INTO `t_role_permission` VALUES ('109', '8', '2');
INSERT INTO `t_role_permission` VALUES ('112', '7', '1');
INSERT INTO `t_role_permission` VALUES ('113', '7', '2');
INSERT INTO `t_role_permission` VALUES ('136', '9', '1');
INSERT INTO `t_role_permission` VALUES ('137', '9', '2');
INSERT INTO `t_role_permission` VALUES ('138', '9', '19');
INSERT INTO `t_role_permission` VALUES ('139', '1', '1');
INSERT INTO `t_role_permission` VALUES ('140', '1', '2');
INSERT INTO `t_role_permission` VALUES ('141', '1', '3');
INSERT INTO `t_role_permission` VALUES ('142', '1', '4');
INSERT INTO `t_role_permission` VALUES ('143', '1', '5');
INSERT INTO `t_role_permission` VALUES ('144', '1', '6');
INSERT INTO `t_role_permission` VALUES ('145', '1', '7');
INSERT INTO `t_role_permission` VALUES ('146', '1', '8');
INSERT INTO `t_role_permission` VALUES ('147', '1', '9');
INSERT INTO `t_role_permission` VALUES ('148', '1', '10');
INSERT INTO `t_role_permission` VALUES ('149', '1', '11');
INSERT INTO `t_role_permission` VALUES ('150', '1', '12');
INSERT INTO `t_role_permission` VALUES ('151', '1', '13');
INSERT INTO `t_role_permission` VALUES ('152', '1', '14');
INSERT INTO `t_role_permission` VALUES ('153', '1', '15');
INSERT INTO `t_role_permission` VALUES ('154', '1', '16');
INSERT INTO `t_role_permission` VALUES ('155', '1', '17');
INSERT INTO `t_role_permission` VALUES ('156', '1', '18');
INSERT INTO `t_role_permission` VALUES ('157', '1', '19');
INSERT INTO `t_role_permission` VALUES ('158', '3', '1');
INSERT INTO `t_role_permission` VALUES ('159', '3', '2');
INSERT INTO `t_role_permission` VALUES ('160', '3', '11');
INSERT INTO `t_role_permission` VALUES ('161', '3', '12');
INSERT INTO `t_role_permission` VALUES ('162', '3', '13');
INSERT INTO `t_role_permission` VALUES ('163', '3', '14');
INSERT INTO `t_role_permission` VALUES ('164', '3', '15');
INSERT INTO `t_role_permission` VALUES ('165', '3', '16');
INSERT INTO `t_role_permission` VALUES ('166', '3', '17');
INSERT INTO `t_role_permission` VALUES ('167', '3', '18');

-- ----------------------------
-- Table structure for t_student
-- ----------------------------
DROP TABLE IF EXISTS `t_student`;
CREATE TABLE `t_student` (
  `id` int(11) NOT NULL AUTO_INCREMENT,
  `name` varchar(32) DEFAULT NULL,
  PRIMARY KEY (`id`)
) ENGINE=InnoDB AUTO_INCREMENT=14 DEFAULT CHARSET=utf8;

-- ----------------------------
-- Records of t_student
-- ----------------------------
INSERT INTO `t_student` VALUES ('1', 'zha');
INSERT INTO `t_student` VALUES ('2', 'zhang3');
INSERT INTO `t_student` VALUES ('3', 'zhang3');
INSERT INTO `t_student` VALUES ('4', 'zhang3');
INSERT INTO `t_student` VALUES ('5', 'zhang3');
INSERT INTO `t_student` VALUES ('6', 'zhang3');
INSERT INTO `t_student` VALUES ('7', 'zhang3');
INSERT INTO `t_student` VALUES ('8', 'zhang3');
INSERT INTO `t_student` VALUES ('9', 'zhang3');
INSERT INTO `t_student` VALUES ('10', 'zhang3');
INSERT INTO `t_student` VALUES ('11', 'zhang3');
INSERT INTO `t_student` VALUES ('12', 'zhang3');
INSERT INTO `t_student` VALUES ('13', 'zhang3');

-- ----------------------------
-- Table structure for t_tag
-- ----------------------------
DROP TABLE IF EXISTS `t_tag`;
CREATE TABLE `t_tag` (
  `id` int(11) NOT NULL AUTO_INCREMENT,
  `pid` int(11) DEFAULT NULL,
  `name` varchar(255) DEFAULT NULL,
  PRIMARY KEY (`id`)
) ENGINE=InnoDB DEFAULT CHARSET=utf8;

-- ----------------------------
-- Records of t_tag
-- ----------------------------

-- ----------------------------
-- Table structure for t_ticket
-- ----------------------------
DROP TABLE IF EXISTS `t_ticket`;
CREATE TABLE `t_ticket` (
  `id` int(11) NOT NULL AUTO_INCREMENT,
  `memberid` int(11) DEFAULT NULL,
  `piid` varchar(64) DEFAULT NULL,
  `status` char(1) DEFAULT NULL COMMENT '0 - 审核中， 1 - 审核完毕',
  `authcode` char(4) DEFAULT NULL,
  `pstep` varchar(255) DEFAULT NULL COMMENT 'accttype-账户类型，basicinfo-基本信息，uploadfile-资质文件上传，checkemail-邮箱确认',
  PRIMARY KEY (`id`)
) ENGINE=InnoDB AUTO_INCREMENT=2 DEFAULT CHARSET=utf8;

-- ----------------------------
-- Records of t_ticket
-- ----------------------------
INSERT INTO `t_ticket` VALUES ('1', '1', '5', '1', '1108', 'finishApply');

-- ----------------------------
-- Table structure for t_type
-- ----------------------------
DROP TABLE IF EXISTS `t_type`;
CREATE TABLE `t_type` (
  `id` int(11) NOT NULL AUTO_INCREMENT,
  `name` varchar(255) DEFAULT NULL,
  `remark` varchar(255) DEFAULT NULL,
  PRIMARY KEY (`id`)
) ENGINE=InnoDB AUTO_INCREMENT=4 DEFAULT CHARSET=utf8;

-- ----------------------------
-- Records of t_type
-- ----------------------------
INSERT INTO `t_type` VALUES ('1', '科技', 'sss');
INSERT INTO `t_type` VALUES ('2', '农业', 'xxx');
INSERT INTO `t_type` VALUES ('3', '电子', 'xxx');

-- ----------------------------
-- Table structure for t_user
-- ----------------------------
DROP TABLE IF EXISTS `t_user`;
CREATE TABLE `t_user` (
  `id` int(11) NOT NULL AUTO_INCREMENT,
  `loginacct` varchar(255) NOT NULL,
  `userpswd` char(32) NOT NULL,
  `username` varchar(255) NOT NULL,
  `email` varchar(255) NOT NULL,
  `createtime` char(19) DEFAULT NULL,
  PRIMARY KEY (`id`)
) ENGINE=InnoDB AUTO_INCREMENT=119 DEFAULT CHARSET=utf8;

-- ----------------------------
-- Records of t_user
-- ----------------------------
INSERT INTO `t_user` VALUES ('18', 'superadmin', '202cb962ac59075b964b07152d234b70', '超级管理员', 'superadmin@xw.com', '2019-12-21 15:29:00');
INSERT INTO `t_user` VALUES ('41', 'test23', '202cb962ac59075b964b07152d234b70', 'test23', 'test23@xw.com', '2019-12-23 15:05:00');
INSERT INTO `t_user` VALUES ('42', 'test24', '202cb962ac59075b964b07152d234b70', 'test24', 'test24@xw.com', '2019-12-23 15:05:00');
INSERT INTO `t_user` VALUES ('43', 'test25', '202cb962ac59075b964b07152d234b70', 'test25', 'test25@xw.com', '2019-12-23 15:05:00');
INSERT INTO `t_user` VALUES ('44', 'test26', '202cb962ac59075b964b07152d234b70', 'test26', 'test26@xw.com', '2019-12-23 15:05:00');
INSERT INTO `t_user` VALUES ('45', 'test27', '202cb962ac59075b964b07152d234b70', 'test27', 'test27@xw.com', '2019-12-23 15:05:00');
INSERT INTO `t_user` VALUES ('46', 'test28', '202cb962ac59075b964b07152d234b70', 'test28', 'test28@xw.com', '2019-12-23 15:05:00');
INSERT INTO `t_user` VALUES ('47', 'test29', '202cb962ac59075b964b07152d234b70', 'test29', 'test29@xw.com', '2019-12-23 15:05:00');
INSERT INTO `t_user` VALUES ('48', 'test30', '202cb962ac59075b964b07152d234b70', 'test30', 'test30@xw.com', '2019-12-23 15:05:00');
INSERT INTO `t_user` VALUES ('49', 'test31', '202cb962ac59075b964b07152d234b70', 'test31', 'test31@xw.com', '2019-12-23 15:05:00');
INSERT INTO `t_user` VALUES ('50', 'test32', '202cb962ac59075b964b07152d234b70', 'test32', 'test32@xw.com', '2019-12-23 15:05:00');
INSERT INTO `t_user` VALUES ('51', 'test33', '202cb962ac59075b964b07152d234b70', 'test33', 'test33@xw.com', '2019-12-23 15:05:00');
INSERT INTO `t_user` VALUES ('52', 'test34', '202cb962ac59075b964b07152d234b70', 'test34', 'test34@xw.com', '2019-12-23 15:05:00');
INSERT INTO `t_user` VALUES ('53', 'test35', '202cb962ac59075b964b07152d234b70', 'test35', 'test35@xw.com', '2019-12-23 15:05:00');
INSERT INTO `t_user` VALUES ('54', 'test36', '202cb962ac59075b964b07152d234b70', 'test36', 'test36@xw.com', '2019-12-23 15:05:00');
INSERT INTO `t_user` VALUES ('55', 'test37', '202cb962ac59075b964b07152d234b70', 'test37', 'test37@xw.com', '2019-12-23 15:05:00');
INSERT INTO `t_user` VALUES ('56', 'test38', '202cb962ac59075b964b07152d234b70', 'test38', 'test38@xw.com', '2019-12-23 15:05:00');
INSERT INTO `t_user` VALUES ('57', 'test39', '202cb962ac59075b964b07152d234b70', 'test39', 'test39@xw.com', '2019-12-23 15:05:00');
INSERT INTO `t_user` VALUES ('58', 'test40', '202cb962ac59075b964b07152d234b70', 'test40', 'test40@xw.com', '2019-12-23 15:05:00');
INSERT INTO `t_user` VALUES ('59', 'test41', '202cb962ac59075b964b07152d234b70', 'test41', 'test41@xw.com', '2019-12-23 15:05:00');
INSERT INTO `t_user` VALUES ('60', 'test42', '202cb962ac59075b964b07152d234b70', 'test42', 'test42@xw.com', '2019-12-23 15:05:00');
INSERT INTO `t_user` VALUES ('61', 'test43', '202cb962ac59075b964b07152d234b70', 'test43', 'test43@xw.com', '2019-12-23 15:05:00');
INSERT INTO `t_user` VALUES ('62', 'test44', '202cb962ac59075b964b07152d234b70', 'test44', 'test44@xw.com', '2019-12-23 15:05:00');
INSERT INTO `t_user` VALUES ('63', 'test45', '202cb962ac59075b964b07152d234b70', 'test45', 'test45@xw.com', '2019-12-23 15:05:00');
INSERT INTO `t_user` VALUES ('64', 'test46', '202cb962ac59075b964b07152d234b70', 'test46', 'test46@xw.com', '2019-12-23 15:05:00');
INSERT INTO `t_user` VALUES ('65', 'test47', '202cb962ac59075b964b07152d234b70', 'test47', 'test47@xw.com', '2019-12-23 15:05:00');
INSERT INTO `t_user` VALUES ('66', 'test48', '202cb962ac59075b964b07152d234b70', 'test48', 'test48@xw.com', '2019-12-23 15:05:00');
INSERT INTO `t_user` VALUES ('67', 'test49', '202cb962ac59075b964b07152d234b70', 'test49', 'test49@xw.com', '2019-12-23 15:05:00');
INSERT INTO `t_user` VALUES ('68', 'test50', '202cb962ac59075b964b07152d234b70', 'test50', 'test50@xw.com', '2019-12-23 15:05:00');
INSERT INTO `t_user` VALUES ('69', 'test51', '202cb962ac59075b964b07152d234b70', 'test51', 'test51@xw.com', '2019-12-23 15:05:00');
INSERT INTO `t_user` VALUES ('70', 'test52', '202cb962ac59075b964b07152d234b70', 'test52', 'test52@xw.com', '2019-12-23 15:05:00');
INSERT INTO `t_user` VALUES ('71', 'test53', '202cb962ac59075b964b07152d234b70', 'test53', 'test53@xw.com', '2019-12-23 15:05:00');
INSERT INTO `t_user` VALUES ('72', 'test54', '202cb962ac59075b964b07152d234b70', 'test54', 'test54@xw.com', '2019-12-23 15:05:00');
INSERT INTO `t_user` VALUES ('73', 'test55', '202cb962ac59075b964b07152d234b70', 'test55', 'test55@xw.com', '2019-12-23 15:05:00');
INSERT INTO `t_user` VALUES ('74', 'test56', '202cb962ac59075b964b07152d234b70', 'test56', 'test56@xw.com', '2019-12-23 15:05:00');
INSERT INTO `t_user` VALUES ('75', 'test57', '202cb962ac59075b964b07152d234b70', 'test57', 'test57@xw.com', '2019-12-23 15:05:00');
INSERT INTO `t_user` VALUES ('76', 'test58', '202cb962ac59075b964b07152d234b70', 'test58', 'test58@xw.com', '2019-12-23 15:05:00');
INSERT INTO `t_user` VALUES ('77', 'test59', '202cb962ac59075b964b07152d234b70', 'test59', 'test59@xw.com', '2019-12-23 15:05:00');
INSERT INTO `t_user` VALUES ('78', 'test60', '202cb962ac59075b964b07152d234b70', 'test60', 'test60@xw.com', '2019-12-23 15:05:00');
INSERT INTO `t_user` VALUES ('79', 'test61', '202cb962ac59075b964b07152d234b70', 'test61', 'test61@xw.com', '2019-12-23 15:05:00');
INSERT INTO `t_user` VALUES ('80', 'test62', '202cb962ac59075b964b07152d234b70', 'test62', 'test62@xw.com', '2019-12-23 15:05:00');
INSERT INTO `t_user` VALUES ('81', 'test63', '202cb962ac59075b964b07152d234b70', 'test63', 'test63@xw.com', '2019-12-23 15:05:00');
INSERT INTO `t_user` VALUES ('82', 'test64', '202cb962ac59075b964b07152d234b70', 'test64', 'test64@xw.com', '2019-12-23 15:05:00');
INSERT INTO `t_user` VALUES ('83', 'test65', '202cb962ac59075b964b07152d234b70', 'test65', 'test65@xw.com', '2019-12-23 15:05:00');
INSERT INTO `t_user` VALUES ('84', 'test66', '202cb962ac59075b964b07152d234b70', 'test66', 'test66@xw.com', '2019-12-23 15:05:00');
INSERT INTO `t_user` VALUES ('85', 'test67', '202cb962ac59075b964b07152d234b70', 'test67', 'test67@xw.com', '2019-12-23 15:05:00');
INSERT INTO `t_user` VALUES ('86', 'test68', '202cb962ac59075b964b07152d234b70', 'test68', 'test68@xw.com', '2019-12-23 15:05:00');
INSERT INTO `t_user` VALUES ('87', 'test69', '202cb962ac59075b964b07152d234b70', 'test69', 'test69@xw.com', '2019-12-23 15:05:00');
INSERT INTO `t_user` VALUES ('88', 'test70', '202cb962ac59075b964b07152d234b70', 'test70', 'test70@xw.com', '2019-12-23 15:05:00');
INSERT INTO `t_user` VALUES ('89', 'test71', '202cb962ac59075b964b07152d234b70', 'test71', 'test71@xw.com', '2019-12-23 15:05:00');
INSERT INTO `t_user` VALUES ('90', 'test72', '202cb962ac59075b964b07152d234b70', 'test72', 'test72@xw.com', '2019-12-23 15:05:00');
INSERT INTO `t_user` VALUES ('91', 'test73', '202cb962ac59075b964b07152d234b70', 'test73', 'test73@xw.com', '2019-12-23 15:05:00');
INSERT INTO `t_user` VALUES ('92', 'test74', '202cb962ac59075b964b07152d234b70', 'test74', 'test74@xw.com', '2019-12-23 15:05:00');
INSERT INTO `t_user` VALUES ('93', 'test75', '202cb962ac59075b964b07152d234b70', 'test75', 'test75@xw.com', '2019-12-23 15:05:00');
INSERT INTO `t_user` VALUES ('94', 'test76', '202cb962ac59075b964b07152d234b70', 'test76', 'test76@xw.com', '2019-12-23 15:05:00');
INSERT INTO `t_user` VALUES ('95', 'test77', '202cb962ac59075b964b07152d234b70', 'test77', 'test77@xw.com', '2019-12-23 15:05:00');
INSERT INTO `t_user` VALUES ('96', 'test78', '202cb962ac59075b964b07152d234b70', 'test78', 'test78@xw.com', '2019-12-23 15:05:00');
INSERT INTO `t_user` VALUES ('97', 'test79', '202cb962ac59075b964b07152d234b70', 'test79', 'test79@xw.com', '2019-12-23 15:05:00');
INSERT INTO `t_user` VALUES ('98', 'test80', '202cb962ac59075b964b07152d234b70', 'test80', 'test80@xw.com', '2019-12-23 15:05:00');
INSERT INTO `t_user` VALUES ('99', 'test81', '202cb962ac59075b964b07152d234b70', 'test81', 'test81@xw.com', '2019-12-23 15:05:00');
INSERT INTO `t_user` VALUES ('100', 'test82', '202cb962ac59075b964b07152d234b70', 'test82', 'test82@xw.com', '2019-12-23 15:05:00');
INSERT INTO `t_user` VALUES ('101', 'test83', '202cb962ac59075b964b07152d234b70', 'test83', 'test83@xw.com', '2019-12-23 15:05:00');
INSERT INTO `t_user` VALUES ('102', 'test84', '202cb962ac59075b964b07152d234b70', 'test84', 'test84@xw.com', '2019-12-23 15:05:00');
INSERT INTO `t_user` VALUES ('103', 'test85', '202cb962ac59075b964b07152d234b70', 'test85', 'test85@xw.com', '2019-12-23 15:05:00');
INSERT INTO `t_user` VALUES ('104', 'test86', '202cb962ac59075b964b07152d234b70', 'test86', 'test86@xw.com', '2019-12-23 15:05:00');
INSERT INTO `t_user` VALUES ('105', 'test87', '202cb962ac59075b964b07152d234b70', 'test87', 'test87@xw.com', '2019-12-23 15:05:00');
INSERT INTO `t_user` VALUES ('106', 'test88', '202cb962ac59075b964b07152d234b70', 'test88', 'test88@xw.com', '2019-12-23 15:05:00');
INSERT INTO `t_user` VALUES ('107', 'test89', '202cb962ac59075b964b07152d234b70', 'test89', 'test89@xw.com', '2019-12-23 15:05:00');
INSERT INTO `t_user` VALUES ('108', 'test90', '202cb962ac59075b964b07152d234b70', 'test90', 'test90@xw.com', '2019-12-23 15:05:00');
INSERT INTO `t_user` VALUES ('109', 'test91', '202cb962ac59075b964b07152d234b70', 'test91', 'test91@xw.com', '2019-12-23 15:05:00');
INSERT INTO `t_user` VALUES ('110', 'test92', '202cb962ac59075b964b07152d234b70', 'test92', 'test92@xw.com', '2019-12-23 15:05:00');
INSERT INTO `t_user` VALUES ('111', 'test93', '202cb962ac59075b964b07152d234b70', 'test93', 'test93@xw.com', '2019-12-23 15:05:00');
INSERT INTO `t_user` VALUES ('112', 'test94', '202cb962ac59075b964b07152d234b70', 'test94', 'test94@xw.com', '2019-12-23 15:05:00');
INSERT INTO `t_user` VALUES ('113', 'test95', '202cb962ac59075b964b07152d234b70', 'test95', 'test95@xw.com', '2019-12-23 15:05:00');
INSERT INTO `t_user` VALUES ('114', 'test96', '202cb962ac59075b964b07152d234b70', 'test96', 'test96@xw.com', '2019-12-23 15:05:00');
INSERT INTO `t_user` VALUES ('115', 'test97', '202cb962ac59075b964b07152d234b70', 'test97', 'test97@xw.com', '2019-12-23 15:05:00');
INSERT INTO `t_user` VALUES ('116', 'test98', '202cb962ac59075b964b07152d234b70', 'test98', 'test98@xw.com', '2019-12-23 15:05:00');
INSERT INTO `t_user` VALUES ('117', 'test99', '202cb962ac59075b964b07152d234b70', 'test99', 'test99@xw.com', '2019-12-23 15:05:00');
INSERT INTO `t_user` VALUES ('118', 'test100', '202cb962ac59075b964b07152d234b70', 'test100', 'test100@xw.com', '2019-12-23 15:05:00');

-- ----------------------------
-- Table structure for t_user_role
-- ----------------------------
DROP TABLE IF EXISTS `t_user_role`;
CREATE TABLE `t_user_role` (
  `id` int(11) NOT NULL AUTO_INCREMENT,
  `userid` int(11) DEFAULT NULL,
  `roleid` int(11) DEFAULT NULL,
  PRIMARY KEY (`id`),
  KEY `FK_Reference_1` (`userid`),
  KEY `FK_Reference_2` (`roleid`),
  CONSTRAINT `FK_Reference_1` FOREIGN KEY (`userid`) REFERENCES `t_user` (`id`),
  CONSTRAINT `FK_Reference_2` FOREIGN KEY (`roleid`) REFERENCES `t_role` (`id`)
) ENGINE=InnoDB AUTO_INCREMENT=44 DEFAULT CHARSET=utf8;

-- ----------------------------
-- Records of t_user_role
-- ----------------------------
INSERT INTO `t_user_role` VALUES ('1', '41', '1');
INSERT INTO `t_user_role` VALUES ('2', '41', '2');
INSERT INTO `t_user_role` VALUES ('3', '41', '3');
INSERT INTO `t_user_role` VALUES ('31', '42', '5');
INSERT INTO `t_user_role` VALUES ('32', '118', '1');
INSERT INTO `t_user_role` VALUES ('33', '18', '1');
INSERT INTO `t_user_role` VALUES ('34', '18', '2');
INSERT INTO `t_user_role` VALUES ('35', '18', '3');
INSERT INTO `t_user_role` VALUES ('36', '18', '4');
INSERT INTO `t_user_role` VALUES ('37', '18', '5');
INSERT INTO `t_user_role` VALUES ('38', '18', '6');
INSERT INTO `t_user_role` VALUES ('39', '18', '7');
INSERT INTO `t_user_role` VALUES ('40', '18', '8');
INSERT INTO `t_user_role` VALUES ('41', '18', '9');
INSERT INTO `t_user_role` VALUES ('42', '117', '3');
INSERT INTO `t_user_role` VALUES ('43', '116', '3');
